age,income,gender,platform,interests,location,demographics,profession,indebt,isHomeOwner,Owns_Car,time_spent
56,19774,male,Instagram,Sports,United Kingdom,Urban,Software Engineer,TRUE,FALSE,FALSE,3
46,10564,female,Facebook,Travel,United Kingdom,Urban,Student,TRUE,TRUE,TRUE,2
32,13258,male,Instagram,Sports,Australia,Sub_Urban,Marketer Manager,FALSE,FALSE,FALSE,8
60,12500,male,Instagram,Travel,United Kingdom,Urban,Student,FALSE,TRUE,FALSE,5
25,14566,male,Instagram,Lifestlye,Australia,Urban,Software Engineer,FALSE,TRUE,TRUE,1
38,19179,male,Facebook,Travel,United States,Urban,Marketer Manager,TRUE,TRUE,TRUE,3
56,16881,male,YouTube,Sports,United States,Urban,Student,TRUE,TRUE,TRUE,8
36,13636,male,Instagram,Sports,Australia,Urban,Marketer Manager,TRUE,FALSE,TRUE,4
40,16030,male,YouTube,Lifestlye,Australia,Sub_Urban,Marketer Manager,FALSE,FALSE,TRUE,7
28,10223,male,Instagram,Sports,Australia,Sub_Urban,Marketer Manager,TRUE,FALSE,TRUE,2
28,16297,female,YouTube,Lifestlye,United Kingdom,Urban,Student,TRUE,TRUE,FALSE,7
41,10350,male,Facebook,Sports,United States,Sub_Urban,Marketer Manager,FALSE,FALSE,FALSE,5
53,17314,male,Facebook,Sports,Australia,Rural,Student,FALSE,TRUE,TRUE,5
57,11928,female,Instagram,Lifestlye,United Kingdom,Urban,Software Engineer,FALSE,TRUE,FALSE,6
41,17743,male,YouTube,Travel,United States,Rural,Student,TRUE,TRUE,FALSE,9
20,18540,male,Facebook,Sports,United Kingdom,Sub_Urban,Software Engineer,TRUE,TRUE,FALSE,6
39,14732,male,Instagram,Travel,United States,Sub_Urban,Student,TRUE,TRUE,FALSE,8
19,11017,female,Instagram,Sports,United Kingdom,Rural,Marketer Manager,FALSE,TRUE,TRUE,7
41,12226,female,Facebook,Sports,United States,Sub_Urban,Student,FALSE,FALSE,FALSE,9
61,17206,female,Facebook,Sports,United States,Urban,Marketer Manager,FALSE,FALSE,FALSE,4
47,17170,male,Instagram,Sports,United Kingdom,Rural,Software Engineer,FALSE,FALSE,TRUE,2
55,16207,male,YouTube,Travel,Australia,Urban,Student,TRUE,FALSE,TRUE,7
19,12419,male,YouTube,Travel,United States,Rural,Marketer Manager,TRUE,TRUE,TRUE,6
38,16240,female,YouTube,Sports,Australia,Sub_Urban,Software Engineer,TRUE,TRUE,TRUE,1
50,11893,male,Instagram,Sports,United Kingdom,Rural,Software Engineer,TRUE,FALSE,FALSE,9
29,15322,male,Facebook,Travel,Australia,Rural,Student,TRUE,FALSE,TRUE,9
39,17718,male,Instagram,Lifestlye,Australia,Urban,Software Engineer,TRUE,FALSE,FALSE,2
61,16878,female,Facebook,Lifestlye,Australia,Sub_Urban,Marketer Manager,TRUE,FALSE,FALSE,3
42,11125,male,YouTube,Travel,Australia,Urban,Software Engineer,TRUE,FALSE,TRUE,5
44,13117,male,YouTube,Sports,Australia,Sub_Urban,Software Engineer,FALSE,FALSE,TRUE,5
59,14161,male,Facebook,Sports,United States,Urban,Marketer Manager,FALSE,FALSE,TRUE,1
45,14042,male,Facebook,Lifestlye,United States,Rural,Software Engineer,TRUE,FALSE,TRUE,8
33,14433,female,Instagram,Lifestlye,United States,Urban,Software Engineer,FALSE,TRUE,TRUE,8
32,18638,female,YouTube,Travel,United Kingdom,Sub_Urban,Software Engineer,TRUE,TRUE,TRUE,4
64,12658,male,Instagram,Lifestlye,Australia,Sub_Urban,Software Engineer,TRUE,TRUE,FALSE,7
61,13483,male,Instagram,Travel,United States,Rural,Marketer Manager,FALSE,TRUE,FALSE,3
20,12944,male,Instagram,Lifestlye,United Kingdom,Sub_Urban,Software Engineer,TRUE,FALSE,FALSE,6
54,17210,male,YouTube,Lifestlye,United States,Urban,Marketer Manager,TRUE,TRUE,FALSE,9
24,17653,male,Instagram,Lifestlye,United States,Rural,Software Engineer,TRUE,FALSE,TRUE,1
38,18787,male,Instagram,Sports,Australia,Sub_Urban,Software Engineer,TRUE,TRUE,TRUE,5
26,11986,female,Instagram,Sports,United Kingdom,Sub_Urban,Software Engineer,TRUE,FALSE,FALSE,4
56,11074,female,Instagram,Sports,Australia,Urban,Software Engineer,TRUE,FALSE,FALSE,8
35,14305,female,Instagram,Lifestlye,Australia,Urban,Marketer Manager,TRUE,TRUE,FALSE,1
21,13007,male,Instagram,Travel,United States,Rural,Marketer Manager,FALSE,TRUE,TRUE,9
42,10969,male,YouTube,Travel,Australia,Sub_Urban,Marketer Manager,FALSE,FALSE,TRUE,6
31,18772,female,Instagram,Travel,United Kingdom,Urban,Student,TRUE,FALSE,TRUE,4
26,12824,male,Facebook,Travel,Australia,Rural,Software Engineer,FALSE,FALSE,FALSE,9
43,11211,female,Instagram,Sports,Australia,Sub_Urban,Software Engineer,TRUE,TRUE,FALSE,5
19,10229,male,Instagram,Sports,Australia,Sub_Urban,Marketer Manager,TRUE,TRUE,TRUE,5
37,14284,female,YouTube,Lifestlye,United States,Rural,Student,TRUE,FALSE,TRUE,5
45,13185,male,YouTube,Lifestlye,United Kingdom,Rural,Software Engineer,TRUE,TRUE,FALSE,1
64,10501,male,Facebook,Travel,United States,Urban,Marketer Manager,FALSE,FALSE,FALSE,1
24,10048,female,Facebook,Sports,United States,Sub_Urban,Software Engineer,FALSE,TRUE,TRUE,8
61,13566,male,YouTube,Travel,United States,Sub_Urban,Software Engineer,FALSE,TRUE,FALSE,8
25,13055,male,YouTube,Lifestlye,United States,Sub_Urban,Marketer Manager,FALSE,TRUE,TRUE,6
64,18880,male,Instagram,Lifestlye,United States,Rural,Marketer Manager,TRUE,TRUE,TRUE,4
52,10386,male,YouTube,Travel,United Kingdom,Urban,Software Engineer,FALSE,TRUE,FALSE,2
31,10969,male,Facebook,Lifestlye,Australia,Sub_Urban,Software Engineer,TRUE,FALSE,FALSE,2
34,19197,male,Instagram,Travel,United States,Rural,Marketer Manager,TRUE,FALSE,FALSE,9
53,15820,male,Facebook,Sports,United States,Sub_Urban,Software Engineer,FALSE,TRUE,TRUE,5
57,13052,male,Instagram,Travel,United Kingdom,Urban,Software Engineer,TRUE,FALSE,FALSE,4
21,17397,male,YouTube,Sports,United Kingdom,Sub_Urban,Marketer Manager,FALSE,FALSE,FALSE,1
19,12302,male,Facebook,Sports,Australia,Urban,Software Engineer,FALSE,TRUE,TRUE,7
23,12283,female,Instagram,Lifestlye,United Kingdom,Urban,Software Engineer,FALSE,FALSE,TRUE,3
59,19799,female,Instagram,Lifestlye,Australia,Sub_Urban,Student,FALSE,TRUE,FALSE,6
21,14366,male,YouTube,Lifestlye,United States,Sub_Urban,Marketer Manager,FALSE,FALSE,TRUE,5
46,10122,male,YouTube,Travel,United States,Urban,Student,TRUE,FALSE,TRUE,5
35,16799,male,YouTube,Travel,Australia,Rural,Student,FALSE,FALSE,TRUE,5
43,19472,male,Facebook,Lifestlye,United Kingdom,Urban,Student,FALSE,FALSE,FALSE,1
61,13727,female,Instagram,Travel,Australia,Sub_Urban,Software Engineer,TRUE,FALSE,FALSE,1
51,18450,female,YouTube,Lifestlye,United Kingdom,Sub_Urban,Software Engineer,FALSE,FALSE,TRUE,3
27,19139,male,Facebook,Travel,United States,Rural,Student,FALSE,FALSE,TRUE,4
53,14958,male,Facebook,Sports,United Kingdom,Urban,Student,TRUE,TRUE,TRUE,5
31,10524,male,Facebook,Sports,Australia,Urban,Student,TRUE,TRUE,FALSE,2
48,19079,female,YouTube,Lifestlye,Australia,Urban,Software Engineer,FALSE,TRUE,TRUE,8
32,18399,male,YouTube,Travel,United States,Sub_Urban,Student,TRUE,TRUE,TRUE,2
25,10148,male,Instagram,Travel,United Kingdom,Urban,Student,FALSE,FALSE,FALSE,9
31,18001,male,Instagram,Sports,United Kingdom,Rural,Marketer Manager,TRUE,FALSE,TRUE,2
40,10437,male,YouTube,Sports,United Kingdom,Sub_Urban,Marketer Manager,FALSE,FALSE,FALSE,9
57,13749,female,Facebook,Lifestlye,United States,Sub_Urban,Software Engineer,FALSE,TRUE,FALSE,7
38,18186,male,Facebook,Sports,United Kingdom,Urban,Marketer Manager,FALSE,TRUE,FALSE,8
33,14453,male,Facebook,Lifestlye,Australia,Rural,Marketer Manager,TRUE,TRUE,TRUE,2
62,15336,male,Instagram,Sports,United Kingdom,Sub_Urban,Marketer Manager,FALSE,FALSE,TRUE,7
35,14551,female,Facebook,Sports,United States,Sub_Urban,Software Engineer,TRUE,TRUE,FALSE,6
64,12823,male,Instagram,Travel,United Kingdom,Urban,Marketer Manager,FALSE,FALSE,TRUE,4
41,15728,male,Instagram,Sports,United Kingdom,Urban,Software Engineer,FALSE,TRUE,FALSE,7
43,18677,male,Facebook,Sports,Australia,Rural,Student,FALSE,FALSE,TRUE,4
42,18391,male,Facebook,Lifestlye,United Kingdom,Urban,Marketer Manager,FALSE,TRUE,FALSE,2
62,11982,male,YouTube,Sports,Australia,Rural,Software Engineer,FALSE,FALSE,FALSE,7
58,16996,male,YouTube,Lifestlye,Australia,Sub_Urban,Marketer Manager,TRUE,TRUE,TRUE,8
46,19663,male,Facebook,Sports,United States,Rural,Student,TRUE,TRUE,TRUE,2
32,12311,female,Instagram,Sports,Australia,Rural,Software Engineer,TRUE,FALSE,TRUE,5
62,17225,female,Instagram,Lifestlye,Australia,Rural,Software Engineer,FALSE,FALSE,TRUE,1
18,19713,female,Instagram,Travel,United States,Sub_Urban,Software Engineer,FALSE,TRUE,FALSE,7
42,10604,female,Instagram,Lifestlye,Australia,Urban,Student,TRUE,FALSE,FALSE,8
24,18175,male,Instagram,Lifestlye,United States,Sub_Urban,Student,FALSE,TRUE,TRUE,6
26,15785,male,YouTube,Lifestlye,United Kingdom,Urban,Student,FALSE,FALSE,TRUE,5
41,19609,female,Facebook,Travel,United States,Rural,Software Engineer,FALSE,TRUE,FALSE,6
18,14597,male,YouTube,Sports,Australia,Rural,Student,TRUE,FALSE,TRUE,2
61,17759,female,Instagram,Lifestlye,United States,Rural,Marketer Manager,TRUE,TRUE,TRUE,1
25,17532,female,Instagram,Lifestlye,Australia,Rural,Student,TRUE,TRUE,TRUE,7
41,18740,male,Instagram,Travel,United Kingdom,Rural,Software Engineer,TRUE,TRUE,TRUE,7
28,10838,male,Instagram,Lifestlye,United States,Urban,Marketer Manager,TRUE,FALSE,FALSE,2
34,13815,male,Facebook,Sports,United Kingdom,Urban,Student,FALSE,TRUE,FALSE,2
25,10847,male,Instagram,Travel,Australia,Rural,Marketer Manager,FALSE,FALSE,TRUE,1
52,14709,male,Facebook,Sports,Australia,Sub_Urban,Marketer Manager,FALSE,FALSE,FALSE,8
52,14507,male,Instagram,Sports,United Kingdom,Sub_Urban,Software Engineer,FALSE,FALSE,TRUE,8
50,16575,male,Facebook,Travel,United States,Rural,Marketer Manager,TRUE,TRUE,TRUE,1
22,14773,male,YouTube,Lifestlye,United States,Urban,Marketer Manager,TRUE,FALSE,TRUE,8
59,14468,male,Instagram,Sports,Australia,Sub_Urban,Software Engineer,FALSE,FALSE,FALSE,9
56,15192,male,Facebook,Sports,United Kingdom,Sub_Urban,Software Engineer,TRUE,FALSE,FALSE,4
58,13320,female,YouTube,Sports,United Kingdom,Sub_Urban,Software Engineer,FALSE,TRUE,FALSE,1
45,14698,male,Instagram,Sports,United States,Rural,Marketer Manager,FALSE,FALSE,FALSE,1
24,14311,male,Instagram,Travel,United States,Sub_Urban,Marketer Manager,FALSE,FALSE,FALSE,3
26,13673,male,Instagram,Travel,United States,Sub_Urban,Marketer Manager,FALSE,FALSE,TRUE,5
25,11564,male,Facebook,Sports,United Kingdom,Sub_Urban,Software Engineer,TRUE,FALSE,TRUE,5
29,11840,female,Facebook,Lifestlye,United States,Sub_Urban,Student,FALSE,TRUE,FALSE,9
51,16058,male,YouTube,Sports,United States,Urban,Marketer Manager,TRUE,TRUE,FALSE,2
50,17131,male,Facebook,Lifestlye,Australia,Rural,Student,FALSE,FALSE,FALSE,2
40,10726,male,Facebook,Sports,United States,Rural,Software Engineer,FALSE,FALSE,TRUE,6
41,19436,male,Instagram,Lifestlye,United States,Urban,Marketer Manager,FALSE,FALSE,FALSE,9
54,16697,female,Instagram,Sports,United Kingdom,Urban,Student,FALSE,FALSE,TRUE,1
52,19257,female,Instagram,Lifestlye,United Kingdom,Rural,Marketer Manager,TRUE,TRUE,TRUE,9
61,10282,female,Instagram,Sports,Australia,Sub_Urban,Marketer Manager,FALSE,TRUE,FALSE,9
57,11081,female,Instagram,Sports,United States,Sub_Urban,Marketer Manager,TRUE,TRUE,TRUE,9
39,13885,male,Instagram,Lifestlye,Australia,Rural,Student,FALSE,TRUE,TRUE,5
44,12881,male,Instagram,Travel,United Kingdom,Sub_Urban,Software Engineer,FALSE,FALSE,FALSE,9
52,12970,female,YouTube,Lifestlye,Australia,Urban,Marketer Manager,FALSE,FALSE,TRUE,4
18,19344,female,YouTube,Travel,United Kingdom,Sub_Urban,Software Engineer,TRUE,TRUE,FALSE,2
52,16985,male,YouTube,Sports,Australia,Sub_Urban,Software Engineer,FALSE,TRUE,TRUE,6
54,10947,female,YouTube,Lifestlye,Australia,Sub_Urban,Student,FALSE,FALSE,FALSE,4
64,14760,male,Instagram,Lifestlye,United States,Rural,Student,FALSE,FALSE,FALSE,6
31,19909,female,YouTube,Lifestlye,Australia,Urban,Software Engineer,FALSE,FALSE,TRUE,3
20,10066,female,Instagram,Travel,United States,Sub_Urban,Marketer Manager,FALSE,FALSE,FALSE,6
18,18828,male,YouTube,Travel,United States,Rural,Student,TRUE,FALSE,TRUE,2
22,18505,male,Facebook,Sports,United States,Sub_Urban,Marketer Manager,TRUE,TRUE,TRUE,2
43,10564,male,YouTube,Travel,United States,Urban,Marketer Manager,FALSE,TRUE,FALSE,9
31,19793,male,YouTube,Travel,Australia,Sub_Urban,Marketer Manager,FALSE,FALSE,TRUE,7
56,19017,male,Instagram,Sports,United Kingdom,Urban,Software Engineer,TRUE,FALSE,FALSE,3
44,13670,male,YouTube,Lifestlye,United Kingdom,Sub_Urban,Marketer Manager,FALSE,TRUE,TRUE,1
26,19217,male,Facebook,Lifestlye,United Kingdom,Urban,Software Engineer,TRUE,FALSE,TRUE,8
32,12251,female,Instagram,Sports,Australia,Sub_Urban,Software Engineer,FALSE,TRUE,FALSE,6
32,10804,male,Instagram,Lifestlye,United States,Urban,Marketer Manager,FALSE,TRUE,TRUE,7
43,14631,male,YouTube,Travel,United Kingdom,Sub_Urban,Marketer Manager,TRUE,TRUE,TRUE,9
59,19583,female,Instagram,Sports,Australia,Sub_Urban,Marketer Manager,FALSE,TRUE,TRUE,5
30,11235,male,Instagram,Sports,United States,Rural,Marketer Manager,TRUE,FALSE,TRUE,1
49,16720,female,Instagram,Sports,United Kingdom,Rural,Software Engineer,TRUE,FALSE,TRUE,7
56,16906,male,Instagram,Lifestlye,United States,Urban,Marketer Manager,TRUE,TRUE,TRUE,5
49,16016,male,Instagram,Sports,United Kingdom,Sub_Urban,Marketer Manager,FALSE,FALSE,TRUE,3
21,13549,female,Instagram,Sports,United Kingdom,Urban,Software Engineer,TRUE,FALSE,TRUE,9
47,17938,male,Facebook,Sports,United Kingdom,Rural,Student,TRUE,FALSE,FALSE,1
54,14141,female,YouTube,Lifestlye,United States,Urban,Student,FALSE,FALSE,TRUE,1
40,16966,male,Facebook,Travel,Australia,Urban,Software Engineer,FALSE,TRUE,TRUE,1
56,19546,male,Instagram,Sports,United States,Rural,Student,FALSE,FALSE,FALSE,3
62,15335,male,Instagram,Travel,United Kingdom,Sub_Urban,Software Engineer,FALSE,TRUE,FALSE,6
32,15077,female,YouTube,Lifestlye,United States,Urban,Marketer Manager,FALSE,TRUE,FALSE,3
60,15611,male,Facebook,Lifestlye,Australia,Rural,Marketer Manager,FALSE,FALSE,TRUE,8
46,18089,male,YouTube,Lifestlye,United States,Sub_Urban,Student,TRUE,TRUE,FALSE,2
53,12892,female,Facebook,Lifestlye,Australia,Rural,Marketer Manager,FALSE,FALSE,FALSE,9
30,15577,female,Instagram,Travel,Australia,Urban,Student,TRUE,FALSE,TRUE,3
49,13618,female,YouTube,Sports,United States,Sub_Urban,Student,FALSE,TRUE,TRUE,5
24,11559,male,YouTube,Lifestlye,United Kingdom,Sub_Urban,Marketer Manager,TRUE,FALSE,FALSE,8
39,16683,male,Instagram,Lifestlye,Australia,Rural,Marketer Manager,TRUE,TRUE,FALSE,2
45,11507,male,YouTube,Travel,United States,Rural,Student,FALSE,TRUE,TRUE,6
19,12063,male,Facebook,Travel,Australia,Rural,Marketer Manager,FALSE,FALSE,TRUE,5
59,13642,female,Facebook,Lifestlye,United Kingdom,Sub_Urban,Software Engineer,TRUE,FALSE,TRUE,9
62,12000,male,Facebook,Sports,United States,Sub_Urban,Marketer Manager,FALSE,FALSE,TRUE,5
23,11294,male,Facebook,Sports,United States,Urban,Marketer Manager,FALSE,TRUE,TRUE,2
45,14065,male,Instagram,Lifestlye,United States,Sub_Urban,Software Engineer,TRUE,FALSE,FALSE,5
45,18014,male,YouTube,Travel,United Kingdom,Urban,Marketer Manager,TRUE,TRUE,TRUE,4
61,19945,male,Facebook,Lifestlye,Australia,Rural,Marketer Manager,TRUE,TRUE,TRUE,7
61,11603,male,Instagram,Lifestlye,United States,Rural,Student,FALSE,FALSE,TRUE,6
37,11322,male,YouTube,Travel,Australia,Sub_Urban,Marketer Manager,FALSE,FALSE,TRUE,2
47,15956,male,YouTube,Lifestlye,Australia,Rural,Marketer Manager,FALSE,FALSE,TRUE,5
28,12441,female,Instagram,Lifestlye,United Kingdom,Rural,Software Engineer,FALSE,TRUE,FALSE,7
45,11098,male,Instagram,Lifestlye,United States,Sub_Urban,Student,TRUE,FALSE,TRUE,7
42,15073,male,Facebook,Travel,Australia,Urban,Student,FALSE,TRUE,FALSE,5
56,19697,female,YouTube,Sports,United States,Sub_Urban,Student,TRUE,FALSE,TRUE,9
50,19318,male,YouTube,Sports,United States,Urban,Marketer Manager,FALSE,FALSE,FALSE,4
18,18488,male,Instagram,Travel,United Kingdom,Sub_Urban,Student,FALSE,TRUE,FALSE,3
44,13787,male,YouTube,Sports,United States,Sub_Urban,Software Engineer,TRUE,TRUE,TRUE,4
30,12096,male,Facebook,Lifestlye,United States,Rural,Student,FALSE,FALSE,TRUE,5
58,12208,female,YouTube,Sports,Australia,Sub_Urban,Software Engineer,FALSE,FALSE,TRUE,6
20,15988,male,Instagram,Lifestlye,United Kingdom,Sub_Urban,Student,TRUE,FALSE,TRUE,3
56,10175,female,Instagram,Sports,United States,Urban,Student,FALSE,FALSE,TRUE,2
23,17169,female,Facebook,Travel,Australia,Rural,Software Engineer,TRUE,FALSE,FALSE,4
25,16014,male,Facebook,Sports,United Kingdom,Urban,Student,TRUE,TRUE,TRUE,5
44,11667,female,YouTube,Sports,United Kingdom,Urban,Student,TRUE,TRUE,TRUE,4
26,18867,male,YouTube,Sports,Australia,Rural,Student,TRUE,TRUE,FALSE,3
54,11823,female,Instagram,Travel,Australia,Rural,Marketer Manager,FALSE,TRUE,TRUE,8
50,15147,male,Facebook,Sports,Australia,Rural,Software Engineer,FALSE,FALSE,FALSE,4
59,11356,male,Facebook,Travel,Australia,Sub_Urban,Student,FALSE,TRUE,TRUE,2
61,13072,male,Facebook,Lifestlye,Australia,Rural,Software Engineer,TRUE,TRUE,FALSE,2
41,13259,male,YouTube,Sports,United States,Rural,Software Engineer,FALSE,TRUE,TRUE,1
32,16199,male,Facebook,Travel,United States,Rural,Software Engineer,FALSE,FALSE,FALSE,4
49,10546,male,Instagram,Travel,United Kingdom,Urban,Student,FALSE,TRUE,FALSE,9
49,15231,female,Instagram,Sports,United States,Urban,Student,FALSE,FALSE,TRUE,7
41,17965,male,YouTube,Lifestlye,United States,Sub_Urban,Software Engineer,TRUE,TRUE,TRUE,7
58,12083,male,YouTube,Travel,United States,Urban,Marketer Manager,TRUE,FALSE,TRUE,7
29,12040,female,Facebook,Sports,Australia,Sub_Urban,Software Engineer,FALSE,TRUE,FALSE,8
56,14534,male,YouTube,Lifestlye,United Kingdom,Urban,Marketer Manager,TRUE,FALSE,FALSE,1
19,11752,male,Instagram,Travel,United Kingdom,Rural,Software Engineer,FALSE,TRUE,FALSE,8
20,19807,male,Facebook,Travel,United Kingdom,Urban,Software Engineer,FALSE,FALSE,TRUE,4
54,11849,male,Instagram,Lifestlye,United Kingdom,Sub_Urban,Software Engineer,FALSE,FALSE,TRUE,4
34,12642,male,Facebook,Lifestlye,United States,Urban,Student,TRUE,TRUE,FALSE,4
19,11600,male,YouTube,Sports,United States,Rural,Marketer Manager,FALSE,FALSE,TRUE,6
19,14402,female,Facebook,Sports,Australia,Sub_Urban,Marketer Manager,TRUE,FALSE,FALSE,7
45,13799,female,Facebook,Travel,United Kingdom,Rural,Software Engineer,TRUE,TRUE,TRUE,6
40,10618,female,Instagram,Lifestlye,United States,Rural,Student,FALSE,TRUE,TRUE,1
54,11132,male,Instagram,Lifestlye,United States,Sub_Urban,Student,TRUE,FALSE,FALSE,8
49,15491,male,Facebook,Lifestlye,Australia,Rural,Marketer Manager,TRUE,TRUE,TRUE,7
50,15795,male,YouTube,Travel,Australia,Rural,Student,FALSE,TRUE,TRUE,6
18,17633,male,YouTube,Lifestlye,Australia,Urban,Marketer Manager,TRUE,TRUE,TRUE,6
36,11487,male,Instagram,Lifestlye,United States,Rural,Marketer Manager,TRUE,FALSE,TRUE,5
19,17848,male,YouTube,Travel,United States,Rural,Marketer Manager,FALSE,FALSE,TRUE,6
61,15009,female,Instagram,Sports,Australia,Rural,Student,FALSE,FALSE,FALSE,9
43,19749,female,YouTube,Sports,United Kingdom,Rural,Marketer Manager,TRUE,FALSE,TRUE,9
49,12113,male,Facebook,Travel,Australia,Sub_Urban,Marketer Manager,FALSE,FALSE,FALSE,8
23,11044,male,Instagram,Lifestlye,Australia,Urban,Software Engineer,FALSE,FALSE,TRUE,9
49,12431,male,Instagram,Travel,Australia,Rural,Marketer Manager,TRUE,FALSE,TRUE,8
21,17979,male,Facebook,Sports,Australia,Rural,Marketer Manager,TRUE,TRUE,FALSE,8
28,11582,male,Instagram,Sports,United States,Sub_Urban,Software Engineer,FALSE,FALSE,FALSE,1
34,11308,male,YouTube,Travel,United Kingdom,Rural,Software Engineer,TRUE,FALSE,TRUE,5
55,14917,female,YouTube,Travel,Australia,Sub_Urban,Student,FALSE,TRUE,TRUE,4
41,18793,male,Instagram,Sports,United Kingdom,Urban,Marketer Manager,FALSE,TRUE,FALSE,2
22,11620,male,YouTube,Travel,United Kingdom,Urban,Student,TRUE,TRUE,FALSE,8
51,17503,male,Instagram,Sports,United Kingdom,Rural,Student,TRUE,FALSE,FALSE,3
23,14766,male,Facebook,Travel,Australia,Rural,Software Engineer,FALSE,TRUE,FALSE,4
39,15362,female,Instagram,Travel,United States,Rural,Student,FALSE,FALSE,TRUE,7
28,15192,female,Facebook,Travel,Australia,Sub_Urban,Marketer Manager,FALSE,FALSE,TRUE,9
33,16622,male,YouTube,Sports,United Kingdom,Rural,Software Engineer,FALSE,FALSE,TRUE,2
50,16093,male,Facebook,Travel,United Kingdom,Rural,Marketer Manager,TRUE,TRUE,TRUE,3
26,16704,male,YouTube,Sports,United States,Urban,Marketer Manager,FALSE,TRUE,TRUE,4
23,10100,male,Instagram,Sports,Australia,Rural,Software Engineer,TRUE,FALSE,FALSE,1
33,16657,female,YouTube,Travel,United Kingdom,Urban,Marketer Manager,TRUE,FALSE,FALSE,7
46,15875,male,Instagram,Travel,United States,Rural,Software Engineer,FALSE,FALSE,FALSE,2
20,14271,female,Instagram,Sports,United Kingdom,Urban,Marketer Manager,TRUE,TRUE,TRUE,5
37,10237,male,Facebook,Sports,United States,Rural,Software Engineer,TRUE,FALSE,FALSE,1
53,17226,female,Facebook,Lifestlye,United States,Urban,Student,FALSE,TRUE,TRUE,3
36,18032,male,Facebook,Sports,Australia,Sub_Urban,Marketer Manager,TRUE,FALSE,TRUE,2
43,15218,male,Facebook,Lifestlye,United Kingdom,Urban,Software Engineer,TRUE,TRUE,TRUE,1
20,14025,female,YouTube,Lifestlye,Australia,Urban,Marketer Manager,FALSE,FALSE,FALSE,7
36,16073,female,YouTube,Lifestlye,United Kingdom,Urban,Marketer Manager,FALSE,TRUE,TRUE,5
37,12542,female,YouTube,Travel,Australia,Rural,Marketer Manager,FALSE,TRUE,TRUE,1
49,11537,male,Instagram,Travel,United Kingdom,Rural,Software Engineer,FALSE,TRUE,FALSE,6
24,10754,female,YouTube,Sports,Australia,Rural,Student,FALSE,TRUE,TRUE,5
58,17396,female,YouTube,Lifestlye,United States,Sub_Urban,Student,FALSE,TRUE,FALSE,3
50,17823,female,YouTube,Travel,United Kingdom,Sub_Urban,Student,FALSE,TRUE,TRUE,7
57,15507,male,Facebook,Travel,United Kingdom,Urban,Software Engineer,TRUE,FALSE,FALSE,9
56,14235,male,YouTube,Travel,United States,Sub_Urban,Student,TRUE,FALSE,TRUE,9
35,10540,male,Instagram,Travel,Australia,Urban,Software Engineer,FALSE,FALSE,TRUE,9
57,15510,male,Facebook,Travel,United Kingdom,Urban,Marketer Manager,TRUE,FALSE,FALSE,2
18,18461,male,Instagram,Lifestlye,United Kingdom,Urban,Marketer Manager,TRUE,TRUE,TRUE,3
28,17926,male,YouTube,Lifestlye,Australia,Sub_Urban,Student,FALSE,FALSE,FALSE,7
45,15131,male,Facebook,Lifestlye,United States,Rural,Software Engineer,TRUE,TRUE,TRUE,5
42,18697,female,Instagram,Lifestlye,Australia,Sub_Urban,Marketer Manager,FALSE,TRUE,FALSE,2
40,11129,female,YouTube,Sports,Australia,Urban,Software Engineer,TRUE,TRUE,TRUE,3
48,13145,male,Instagram,Lifestlye,Australia,Urban,Software Engineer,FALSE,FALSE,TRUE,6
47,18553,female,Instagram,Travel,United Kingdom,Sub_Urban,Marketer Manager,TRUE,TRUE,TRUE,7
59,13720,female,Instagram,Lifestlye,United States,Urban,Software Engineer,TRUE,FALSE,FALSE,9
52,19648,male,YouTube,Sports,United States,Urban,Marketer Manager,TRUE,FALSE,FALSE,1
24,14067,male,YouTube,Travel,Australia,Sub_Urban,Marketer Manager,FALSE,FALSE,FALSE,7
33,14195,male,Instagram,Lifestlye,United Kingdom,Sub_Urban,Marketer Manager,TRUE,FALSE,FALSE,8
43,19873,female,Facebook,Lifestlye,Australia,Sub_Urban,Software Engineer,TRUE,FALSE,FALSE,3
19,19244,male,Facebook,Lifestlye,United Kingdom,Urban,Marketer Manager,FALSE,TRUE,TRUE,4
18,17281,male,YouTube,Travel,United Kingdom,Urban,Software Engineer,FALSE,TRUE,TRUE,6
29,12509,male,YouTube,Travel,United Kingdom,Rural,Marketer Manager,TRUE,FALSE,TRUE,7
22,15016,male,YouTube,Sports,United Kingdom,Rural,Marketer Manager,TRUE,TRUE,TRUE,4
54,16533,male,YouTube,Travel,United States,Sub_Urban,Student,TRUE,FALSE,TRUE,8
49,14727,male,YouTube,Travel,United Kingdom,Rural,Student,TRUE,TRUE,FALSE,5
26,10681,male,Facebook,Lifestlye,United Kingdom,Urban,Student,FALSE,TRUE,TRUE,1
58,13932,male,YouTube,Travel,Australia,Rural,Software Engineer,TRUE,TRUE,FALSE,4
52,15560,male,Instagram,Lifestlye,Australia,Urban,Software Engineer,TRUE,TRUE,TRUE,3
36,14016,male,Instagram,Lifestlye,United States,Sub_Urban,Marketer Manager,FALSE,TRUE,FALSE,9
33,17339,female,Facebook,Travel,Australia,Sub_Urban,Marketer Manager,TRUE,TRUE,FALSE,8
20,10719,male,Instagram,Sports,United Kingdom,Urban,Marketer Manager,TRUE,TRUE,FALSE,1
37,10074,male,Facebook,Sports,Australia,Rural,Marketer Manager,TRUE,TRUE,TRUE,6
41,19485,male,Facebook,Travel,United States,Sub_Urban,Software Engineer,FALSE,TRUE,TRUE,9
50,14157,male,Instagram,Sports,Australia,Sub_Urban,Marketer Manager,FALSE,TRUE,TRUE,7
41,18511,male,YouTube,Lifestlye,Australia,Rural,Marketer Manager,TRUE,TRUE,TRUE,4
28,12149,male,Instagram,Lifestlye,United States,Rural,Student,TRUE,TRUE,FALSE,1
25,19644,male,Instagram,Travel,United States,Urban,Marketer Manager,FALSE,TRUE,FALSE,2
53,19747,female,Facebook,Sports,United Kingdom,Rural,Marketer Manager,TRUE,FALSE,FALSE,5
55,16713,male,Instagram,Sports,Australia,Rural,Marketer Manager,TRUE,TRUE,FALSE,5
57,14207,female,Facebook,Lifestlye,United Kingdom,Rural,Software Engineer,FALSE,TRUE,TRUE,8
37,17141,female,YouTube,Travel,Australia,Urban,Student,FALSE,TRUE,FALSE,6
52,18652,male,YouTube,Sports,Australia,Urban,Marketer Manager,FALSE,TRUE,TRUE,8
42,19078,male,YouTube,Travel,United Kingdom,Sub_Urban,Marketer Manager,TRUE,TRUE,FALSE,2
52,13936,female,Instagram,Sports,Australia,Urban,Student,TRUE,TRUE,FALSE,3
42,19307,male,Facebook,Lifestlye,Australia,Sub_Urban,Marketer Manager,TRUE,FALSE,FALSE,6
46,11075,female,YouTube,Lifestlye,Australia,Rural,Software Engineer,TRUE,FALSE,TRUE,3
35,13876,male,Facebook,Travel,United States,Sub_Urban,Marketer Manager,FALSE,FALSE,TRUE,6
63,14615,male,Facebook,Lifestlye,United Kingdom,Sub_Urban,Software Engineer,TRUE,TRUE,FALSE,6
35,17265,female,YouTube,Sports,United States,Rural,Software Engineer,TRUE,TRUE,FALSE,2
19,16379,male,YouTube,Lifestlye,United Kingdom,Sub_Urban,Marketer Manager,FALSE,TRUE,FALSE,7
52,19118,female,Facebook,Travel,United Kingdom,Urban,Student,FALSE,FALSE,TRUE,2
33,14652,male,YouTube,Travel,Australia,Urban,Software Engineer,TRUE,TRUE,TRUE,6
58,16792,male,Facebook,Travel,United Kingdom,Urban,Student,FALSE,TRUE,TRUE,1
53,19247,male,Facebook,Sports,United States,Urban,Marketer Manager,FALSE,FALSE,FALSE,3
50,17456,male,YouTube,Sports,United States,Sub_Urban,Software Engineer,TRUE,FALSE,TRUE,2
21,14674,male,Instagram,Sports,United States,Sub_Urban,Marketer Manager,TRUE,TRUE,FALSE,7
50,10541,male,YouTube,Sports,United Kingdom,Rural,Student,TRUE,TRUE,TRUE,4
31,12161,male,Instagram,Sports,United States,Sub_Urban,Marketer Manager,TRUE,TRUE,FALSE,8
38,12251,male,Facebook,Lifestlye,United Kingdom,Sub_Urban,Marketer Manager,FALSE,TRUE,FALSE,6
37,19244,female,Facebook,Sports,United States,Sub_Urban,Software Engineer,FALSE,FALSE,TRUE,4
25,14569,female,Instagram,Sports,United States,Rural,Marketer Manager,TRUE,TRUE,FALSE,5
24,12744,male,Facebook,Lifestlye,United Kingdom,Urban,Marketer Manager,TRUE,TRUE,FALSE,9
20,16041,male,Instagram,Sports,United States,Sub_Urban,Marketer Manager,FALSE,FALSE,FALSE,7
34,14675,male,Instagram,Travel,Australia,Rural,Software Engineer,TRUE,TRUE,TRUE,9
50,11560,male,Facebook,Sports,United Kingdom,Rural,Student,TRUE,TRUE,FALSE,7
29,11164,female,Instagram,Sports,United Kingdom,Rural,Student,TRUE,FALSE,TRUE,1
39,15419,male,YouTube,Travel,United Kingdom,Urban,Marketer Manager,TRUE,FALSE,TRUE,8
39,12722,female,YouTube,Travel,Australia,Sub_Urban,Software Engineer,FALSE,TRUE,FALSE,4
63,10470,male,Facebook,Travel,United Kingdom,Rural,Marketer Manager,TRUE,FALSE,TRUE,3
47,19608,male,Facebook,Travel,United States,Urban,Student,FALSE,FALSE,FALSE,7
55,11468,male,Instagram,Sports,United States,Rural,Software Engineer,TRUE,TRUE,TRUE,3
55,17925,male,Instagram,Travel,United States,Rural,Student,TRUE,FALSE,FALSE,8
62,10808,male,Instagram,Travel,United Kingdom,Rural,Student,FALSE,TRUE,TRUE,6
25,18363,female,Instagram,Lifestlye,United States,Rural,Software Engineer,TRUE,TRUE,FALSE,5
44,16719,female,YouTube,Travel,United Kingdom,Rural,Software Engineer,FALSE,TRUE,FALSE,4
44,15073,male,YouTube,Travel,United States,Urban,Marketer Manager,TRUE,TRUE,FALSE,8
51,18012,female,Facebook,Lifestlye,Australia,Sub_Urban,Marketer Manager,TRUE,FALSE,FALSE,8
38,11645,male,Instagram,Lifestlye,Australia,Sub_Urban,Student,TRUE,TRUE,TRUE,1
47,18249,male,Instagram,Sports,Australia,Sub_Urban,Software Engineer,TRUE,TRUE,TRUE,9
50,11129,female,Facebook,Lifestlye,Australia,Sub_Urban,Software Engineer,TRUE,TRUE,FALSE,5
45,11353,female,Instagram,Sports,United Kingdom,Urban,Marketer Manager,FALSE,TRUE,TRUE,4
64,10767,male,Instagram,Lifestlye,United States,Urban,Student,FALSE,FALSE,FALSE,6
50,13895,female,Instagram,Lifestlye,Australia,Urban,Student,TRUE,FALSE,FALSE,6
22,18874,female,Instagram,Sports,United Kingdom,Rural,Marketer Manager,TRUE,FALSE,TRUE,2
36,13454,male,Instagram,Lifestlye,Australia,Rural,Software Engineer,FALSE,TRUE,TRUE,8
21,17329,female,Facebook,Sports,Australia,Rural,Marketer Manager,FALSE,FALSE,FALSE,7
52,11790,male,Instagram,Lifestlye,United Kingdom,Sub_Urban,Marketer Manager,TRUE,FALSE,TRUE,1
34,19669,male,Facebook,Travel,United Kingdom,Rural,Marketer Manager,TRUE,TRUE,FALSE,5
61,10885,female,Instagram,Lifestlye,United States,Sub_Urban,Marketer Manager,FALSE,FALSE,TRUE,6
45,17734,male,YouTube,Sports,United States,Rural,Software Engineer,TRUE,TRUE,TRUE,4
47,13906,male,YouTube,Lifestlye,Australia,Sub_Urban,Marketer Manager,FALSE,FALSE,TRUE,2
46,14492,female,YouTube,Sports,Australia,Rural,Software Engineer,TRUE,FALSE,TRUE,4
63,19730,male,YouTube,Sports,United States,Rural,Marketer Manager,FALSE,FALSE,TRUE,1
23,12073,female,Facebook,Travel,United States,Urban,Student,FALSE,FALSE,FALSE,7
52,10312,male,Facebook,Travel,United Kingdom,Rural,Software Engineer,TRUE,TRUE,TRUE,2
58,16269,male,Instagram,Sports,United States,Rural,Student,FALSE,TRUE,TRUE,2
54,15317,male,YouTube,Lifestlye,United States,Urban,Marketer Manager,TRUE,FALSE,FALSE,9
41,10810,male,Facebook,Sports,Australia,Sub_Urban,Marketer Manager,TRUE,TRUE,FALSE,5
46,16841,female,Instagram,Sports,United States,Urban,Marketer Manager,TRUE,FALSE,FALSE,2
63,12032,female,Instagram,Lifestlye,Australia,Urban,Software Engineer,TRUE,FALSE,TRUE,9
48,19699,male,Facebook,Lifestlye,United States,Sub_Urban,Student,FALSE,FALSE,TRUE,9
52,17129,female,YouTube,Lifestlye,United Kingdom,Rural,Software Engineer,TRUE,FALSE,FALSE,1
50,12705,female,Instagram,Lifestlye,United States,Sub_Urban,Software Engineer,TRUE,FALSE,FALSE,3
38,18788,female,YouTube,Sports,United States,Rural,Marketer Manager,TRUE,FALSE,FALSE,4
49,12147,male,YouTube,Sports,United States,Rural,Student,TRUE,TRUE,FALSE,7
40,10615,male,YouTube,Travel,Australia,Sub_Urban,Marketer Manager,FALSE,TRUE,TRUE,4
50,10947,female,Instagram,Sports,United Kingdom,Urban,Software Engineer,TRUE,FALSE,TRUE,2
20,15677,male,YouTube,Lifestlye,United States,Sub_Urban,Marketer Manager,FALSE,TRUE,TRUE,7
35,14651,male,Instagram,Travel,Australia,Rural,Student,FALSE,FALSE,TRUE,6
42,17866,male,YouTube,Lifestlye,United Kingdom,Sub_Urban,Marketer Manager,FALSE,TRUE,TRUE,3
59,12013,female,Instagram,Sports,Australia,Sub_Urban,Student,TRUE,TRUE,FALSE,6
48,13697,female,YouTube,Travel,Australia,Rural,Student,TRUE,TRUE,TRUE,6
20,10490,male,Facebook,Lifestlye,United Kingdom,Urban,Marketer Manager,TRUE,FALSE,FALSE,5
57,14350,female,YouTube,Travel,United States,Sub_Urban,Software Engineer,TRUE,TRUE,FALSE,4
63,12428,male,YouTube,Travel,Australia,Rural,Marketer Manager,FALSE,FALSE,FALSE,1
41,14987,female,Instagram,Sports,Australia,Rural,Software Engineer,FALSE,FALSE,TRUE,6
49,18733,female,Instagram,Lifestlye,United States,Sub_Urban,Software Engineer,TRUE,FALSE,FALSE,2
64,19479,male,YouTube,Travel,United States,Urban,Marketer Manager,TRUE,TRUE,TRUE,3
39,19825,male,Facebook,Travel,United Kingdom,Sub_Urban,Software Engineer,TRUE,TRUE,FALSE,8
40,14920,male,Facebook,Lifestlye,United Kingdom,Urban,Software Engineer,TRUE,TRUE,TRUE,6
19,12926,female,Instagram,Travel,United Kingdom,Urban,Marketer Manager,TRUE,FALSE,FALSE,3
44,19544,female,Facebook,Travel,United States,Urban,Marketer Manager,TRUE,FALSE,TRUE,7
59,17282,male,YouTube,Travel,Australia,Urban,Marketer Manager,TRUE,TRUE,FALSE,4
19,14376,male,Instagram,Lifestlye,Australia,Sub_Urban,Software Engineer,FALSE,FALSE,FALSE,9
43,19490,female,YouTube,Lifestlye,United Kingdom,Rural,Student,FALSE,TRUE,FALSE,5
34,14868,female,Instagram,Lifestlye,United States,Rural,Software Engineer,FALSE,TRUE,FALSE,3
57,16986,male,Instagram,Lifestlye,Australia,Rural,Student,FALSE,TRUE,TRUE,2
50,16862,male,Instagram,Sports,United Kingdom,Rural,Marketer Manager,TRUE,TRUE,TRUE,2
26,14423,male,Instagram,Travel,Australia,Rural,Student,TRUE,FALSE,TRUE,3
60,16870,male,Facebook,Lifestlye,Australia,Rural,Marketer Manager,TRUE,TRUE,FALSE,2
56,18159,female,YouTube,Travel,United States,Sub_Urban,Marketer Manager,TRUE,TRUE,FALSE,4
46,12073,male,YouTube,Travel,United States,Urban,Student,TRUE,TRUE,FALSE,2
59,16170,female,YouTube,Sports,Australia,Rural,Marketer Manager,FALSE,TRUE,FALSE,9
43,10701,male,Instagram,Lifestlye,United Kingdom,Sub_Urban,Student,TRUE,TRUE,FALSE,2
52,18113,male,Facebook,Lifestlye,United States,Rural,Marketer Manager,FALSE,TRUE,FALSE,9
42,16825,male,YouTube,Travel,Australia,Rural,Software Engineer,TRUE,TRUE,TRUE,6
41,17867,male,Facebook,Lifestlye,United States,Urban,Software Engineer,FALSE,FALSE,TRUE,1
30,14264,female,Instagram,Travel,United States,Urban,Marketer Manager,TRUE,FALSE,TRUE,4
24,17968,male,YouTube,Travel,United States,Urban,Marketer Manager,FALSE,FALSE,TRUE,1
53,18146,male,Facebook,Sports,Australia,Rural,Student,TRUE,FALSE,TRUE,6
62,17776,female,Instagram,Sports,United Kingdom,Rural,Software Engineer,TRUE,TRUE,TRUE,4
37,18558,male,Facebook,Sports,United Kingdom,Rural,Student,TRUE,FALSE,TRUE,3
18,18719,female,YouTube,Travel,United Kingdom,Urban,Marketer Manager,TRUE,FALSE,TRUE,3
25,14886,female,YouTube,Lifestlye,United States,Sub_Urban,Marketer Manager,FALSE,FALSE,FALSE,9
63,13935,female,Instagram,Sports,Australia,Rural,Student,TRUE,TRUE,FALSE,6
33,14619,female,Instagram,Lifestlye,United States,Rural,Marketer Manager,FALSE,FALSE,FALSE,9
31,15191,female,Instagram,Sports,United Kingdom,Rural,Software Engineer,TRUE,FALSE,FALSE,5
29,16875,male,Facebook,Sports,United Kingdom,Sub_Urban,Student,FALSE,TRUE,FALSE,2
40,17856,male,Facebook,Travel,Australia,Rural,Software Engineer,TRUE,FALSE,FALSE,8
32,15401,male,Facebook,Sports,United States,Sub_Urban,Software Engineer,TRUE,TRUE,FALSE,5
45,13022,male,Instagram,Sports,United Kingdom,Rural,Software Engineer,FALSE,FALSE,TRUE,2
51,15738,male,YouTube,Travel,Australia,Sub_Urban,Student,TRUE,TRUE,TRUE,4
19,15984,female,YouTube,Lifestlye,United States,Rural,Marketer Manager,TRUE,FALSE,FALSE,9
49,11770,male,Facebook,Sports,United States,Urban,Software Engineer,FALSE,FALSE,TRUE,4
40,19969,male,Facebook,Travel,United Kingdom,Urban,Software Engineer,TRUE,FALSE,TRUE,4
39,18989,male,YouTube,Sports,United Kingdom,Urban,Software Engineer,FALSE,TRUE,TRUE,2
42,13215,male,YouTube,Travel,United States,Urban,Marketer Manager,TRUE,FALSE,TRUE,6
39,16694,male,Facebook,Lifestlye,United States,Rural,Marketer Manager,FALSE,TRUE,TRUE,2
39,12976,male,Facebook,Lifestlye,United Kingdom,Urban,Student,FALSE,TRUE,FALSE,7
59,13737,male,YouTube,Travel,United States,Sub_Urban,Marketer Manager,FALSE,TRUE,TRUE,3
23,19903,male,Instagram,Travel,United Kingdom,Urban,Student,FALSE,TRUE,FALSE,3
32,10752,female,Facebook,Travel,United States,Urban,Student,TRUE,FALSE,FALSE,5
60,11392,female,YouTube,Lifestlye,United Kingdom,Urban,Student,TRUE,FALSE,FALSE,3
54,16789,male,YouTube,Sports,Australia,Rural,Student,FALSE,FALSE,TRUE,2
50,10677,male,YouTube,Lifestlye,United Kingdom,Urban,Student,TRUE,TRUE,FALSE,9
25,10105,female,YouTube,Travel,United Kingdom,Sub_Urban,Software Engineer,TRUE,FALSE,FALSE,2
61,14753,female,Instagram,Travel,Australia,Urban,Marketer Manager,TRUE,TRUE,FALSE,2
61,11946,male,YouTube,Lifestlye,United States,Urban,Software Engineer,FALSE,TRUE,FALSE,8
22,15544,male,Facebook,Travel,Australia,Urban,Student,TRUE,TRUE,TRUE,9
56,11095,female,Instagram,Lifestlye,United Kingdom,Sub_Urban,Marketer Manager,TRUE,FALSE,FALSE,7
21,16985,male,YouTube,Travel,United States,Urban,Software Engineer,FALSE,FALSE,FALSE,3
23,11782,male,Instagram,Sports,Australia,Sub_Urban,Software Engineer,TRUE,TRUE,FALSE,9
62,14541,male,Facebook,Sports,United States,Sub_Urban,Student,FALSE,FALSE,FALSE,3
49,13257,male,YouTube,Travel,United States,Urban,Software Engineer,FALSE,FALSE,TRUE,5
47,16213,male,Facebook,Lifestlye,Australia,Sub_Urban,Software Engineer,FALSE,TRUE,FALSE,9
64,14869,female,YouTube,Sports,United States,Rural,Software Engineer,TRUE,TRUE,FALSE,3
52,11561,male,YouTube,Lifestlye,Australia,Urban,Software Engineer,TRUE,FALSE,FALSE,7
57,14006,male,YouTube,Travel,United Kingdom,Urban,Software Engineer,FALSE,TRUE,FALSE,1
33,19867,male,YouTube,Lifestlye,United States,Sub_Urban,Student,FALSE,TRUE,FALSE,4
30,19314,female,YouTube,Sports,United Kingdom,Sub_Urban,Student,FALSE,FALSE,FALSE,4
59,13981,male,Instagram,Lifestlye,United Kingdom,Urban,Software Engineer,FALSE,FALSE,TRUE,7
47,19493,female,YouTube,Lifestlye,United States,Rural,Student,FALSE,TRUE,FALSE,8
36,15682,female,YouTube,Travel,Australia,Sub_Urban,Student,FALSE,FALSE,TRUE,1
34,15782,male,Instagram,Travel,United States,Sub_Urban,Marketer Manager,TRUE,TRUE,TRUE,5
36,10943,male,Instagram,Travel,United Kingdom,Rural,Software Engineer,FALSE,TRUE,FALSE,7
45,14550,male,Instagram,Sports,United Kingdom,Rural,Student,FALSE,FALSE,TRUE,4
43,19137,male,Instagram,Sports,Australia,Urban,Student,FALSE,TRUE,FALSE,4
54,10600,male,Instagram,Travel,United States,Rural,Software Engineer,TRUE,TRUE,TRUE,4
43,16376,male,Instagram,Travel,United Kingdom,Urban,Marketer Manager,TRUE,TRUE,FALSE,6
40,19609,male,YouTube,Sports,United Kingdom,Rural,Software Engineer,TRUE,FALSE,TRUE,7
26,11524,male,YouTube,Sports,United Kingdom,Sub_Urban,Marketer Manager,TRUE,FALSE,TRUE,2
29,13766,female,Facebook,Sports,Australia,Urban,Software Engineer,FALSE,FALSE,FALSE,5
18,10250,male,YouTube,Sports,United Kingdom,Urban,Software Engineer,TRUE,TRUE,TRUE,4
18,19736,male,YouTube,Travel,United Kingdom,Urban,Software Engineer,FALSE,TRUE,TRUE,3
64,10078,male,Instagram,Sports,United States,Rural,Software Engineer,FALSE,FALSE,TRUE,7
51,13123,male,Instagram,Travel,United States,Sub_Urban,Marketer Manager,FALSE,FALSE,TRUE,6
49,19089,female,YouTube,Lifestlye,United Kingdom,Urban,Marketer Manager,FALSE,FALSE,TRUE,7
42,17064,male,Facebook,Lifestlye,United Kingdom,Urban,Student,FALSE,TRUE,FALSE,5
57,18417,male,Instagram,Sports,United States,Urban,Software Engineer,FALSE,FALSE,TRUE,6
62,11209,female,YouTube,Lifestlye,Australia,Urban,Marketer Manager,TRUE,TRUE,TRUE,5
18,15153,female,YouTube,Lifestlye,Australia,Sub_Urban,Marketer Manager,TRUE,FALSE,FALSE,7
33,14898,female,Facebook,Lifestlye,Australia,Rural,Marketer Manager,TRUE,TRUE,FALSE,2
56,12178,male,Facebook,Sports,Australia,Sub_Urban,Software Engineer,TRUE,TRUE,FALSE,5
22,17610,male,Instagram,Sports,Australia,Urban,Student,TRUE,FALSE,TRUE,6
39,18895,male,Facebook,Lifestlye,Australia,Sub_Urban,Marketer Manager,FALSE,TRUE,TRUE,6
46,12544,male,YouTube,Travel,Australia,Urban,Software Engineer,TRUE,FALSE,TRUE,5
20,15522,male,YouTube,Lifestlye,Australia,Rural,Marketer Manager,TRUE,TRUE,TRUE,7
29,12370,male,Facebook,Sports,United States,Rural,Marketer Manager,TRUE,TRUE,FALSE,8
43,13281,male,Facebook,Sports,Australia,Rural,Student,FALSE,FALSE,FALSE,7
33,14710,female,Facebook,Sports,Australia,Urban,Marketer Manager,FALSE,TRUE,TRUE,5
54,10328,male,Facebook,Lifestlye,Australia,Sub_Urban,Marketer Manager,FALSE,FALSE,TRUE,1
39,15579,male,Instagram,Travel,United Kingdom,Rural,Software Engineer,TRUE,FALSE,TRUE,5
46,14228,male,Facebook,Sports,United States,Urban,Software Engineer,TRUE,FALSE,TRUE,2
31,16794,male,Instagram,Sports,United States,Urban,Student,TRUE,TRUE,FALSE,5
45,10120,female,YouTube,Lifestlye,United States,Sub_Urban,Software Engineer,TRUE,TRUE,FALSE,5
22,16749,male,Facebook,Travel,Australia,Rural,Software Engineer,TRUE,TRUE,TRUE,2
64,10964,male,Instagram,Lifestlye,Australia,Urban,Student,FALSE,FALSE,FALSE,5
47,14224,male,Facebook,Sports,United Kingdom,Sub_Urban,Marketer Manager,TRUE,FALSE,TRUE,4
63,13675,male,YouTube,Travel,United States,Rural,Student,FALSE,TRUE,TRUE,1
22,15694,male,YouTube,Travel,Australia,Sub_Urban,Software Engineer,TRUE,TRUE,FALSE,3
29,12076,male,YouTube,Sports,United States,Sub_Urban,Student,FALSE,FALSE,TRUE,1
33,16865,female,Facebook,Travel,United Kingdom,Urban,Marketer Manager,FALSE,TRUE,FALSE,5
43,15643,female,Facebook,Travel,United Kingdom,Urban,Student,FALSE,FALSE,TRUE,4
43,18524,male,Instagram,Lifestlye,United Kingdom,Urban,Software Engineer,FALSE,TRUE,FALSE,7
38,15249,female,YouTube,Sports,United States,Sub_Urban,Software Engineer,TRUE,FALSE,TRUE,5
56,11316,male,Facebook,Sports,Australia,Urban,Student,TRUE,TRUE,FALSE,4
53,11196,male,YouTube,Sports,Australia,Sub_Urban,Marketer Manager,TRUE,TRUE,TRUE,2
50,13170,male,YouTube,Sports,United Kingdom,Sub_Urban,Student,FALSE,FALSE,TRUE,4
47,19621,female,Instagram,Sports,Australia,Urban,Marketer Manager,TRUE,FALSE,FALSE,2
54,10355,male,Instagram,Travel,United Kingdom,Rural,Marketer Manager,TRUE,FALSE,TRUE,8
40,19718,male,Instagram,Lifestlye,United States,Rural,Student,TRUE,TRUE,FALSE,3
27,10028,female,Instagram,Sports,United Kingdom,Rural,Marketer Manager,TRUE,FALSE,FALSE,9
22,11013,male,YouTube,Lifestlye,United States,Sub_Urban,Software Engineer,FALSE,FALSE,TRUE,4
53,19019,female,Instagram,Lifestlye,United Kingdom,Sub_Urban,Student,FALSE,TRUE,TRUE,6
51,12024,male,Instagram,Travel,Australia,Sub_Urban,Marketer Manager,TRUE,FALSE,TRUE,5
48,18490,male,Instagram,Sports,Australia,Urban,Software Engineer,TRUE,FALSE,TRUE,1
27,15839,male,Instagram,Travel,United Kingdom,Sub_Urban,Student,TRUE,FALSE,FALSE,9
36,15791,female,YouTube,Sports,Australia,Urban,Software Engineer,FALSE,TRUE,TRUE,1
49,10754,male,Instagram,Travel,Australia,Urban,Software Engineer,FALSE,TRUE,TRUE,8
18,18961,female,YouTube,Lifestlye,Australia,Rural,Software Engineer,FALSE,TRUE,TRUE,9
22,13735,female,Facebook,Sports,United States,Rural,Marketer Manager,TRUE,FALSE,FALSE,9
62,11238,male,YouTube,Lifestlye,Australia,Rural,Student,FALSE,TRUE,TRUE,1
21,11906,female,YouTube,Lifestlye,United States,Urban,Student,FALSE,FALSE,FALSE,2
33,17399,male,Instagram,Travel,United Kingdom,Urban,Marketer Manager,FALSE,FALSE,TRUE,1
41,17961,male,Facebook,Sports,Australia,Urban,Student,FALSE,FALSE,FALSE,2
33,19756,male,Facebook,Lifestlye,Australia,Sub_Urban,Software Engineer,FALSE,TRUE,TRUE,8
19,19410,male,Facebook,Travel,Australia,Urban,Student,TRUE,TRUE,TRUE,5
45,14601,male,Facebook,Sports,United Kingdom,Rural,Marketer Manager,TRUE,FALSE,FALSE,7
49,19549,female,YouTube,Sports,United States,Rural,Software Engineer,TRUE,FALSE,TRUE,2
44,11460,male,Facebook,Lifestlye,United States,Urban,Marketer Manager,TRUE,TRUE,TRUE,8
37,17669,male,YouTube,Sports,Australia,Urban,Software Engineer,FALSE,TRUE,TRUE,6
41,11416,male,YouTube,Lifestlye,United Kingdom,Rural,Software Engineer,TRUE,TRUE,FALSE,8
29,17766,female,YouTube,Sports,United Kingdom,Urban,Student,TRUE,FALSE,TRUE,1
52,11428,male,Facebook,Travel,United Kingdom,Rural,Software Engineer,TRUE,TRUE,FALSE,1
50,14378,female,Instagram,Lifestlye,United Kingdom,Sub_Urban,Marketer Manager,FALSE,TRUE,FALSE,7
50,17529,male,Instagram,Lifestlye,United Kingdom,Rural,Student,TRUE,TRUE,FALSE,8
60,14474,male,Facebook,Sports,United States,Sub_Urban,Marketer Manager,FALSE,FALSE,TRUE,3
54,13071,female,Instagram,Sports,United States,Urban,Software Engineer,FALSE,TRUE,FALSE,5
29,10555,male,Instagram,Lifestlye,United States,Urban,Marketer Manager,FALSE,FALSE,FALSE,1
20,18547,female,YouTube,Sports,Australia,Sub_Urban,Marketer Manager,TRUE,FALSE,TRUE,7
18,11563,male,YouTube,Travel,United Kingdom,Urban,Software Engineer,FALSE,FALSE,FALSE,5
50,11040,male,Facebook,Sports,Australia,Sub_Urban,Student,TRUE,TRUE,FALSE,8
57,12686,female,Facebook,Travel,United Kingdom,Urban,Marketer Manager,TRUE,TRUE,TRUE,8
27,12553,male,Instagram,Travel,United States,Rural,Software Engineer,TRUE,TRUE,TRUE,9
60,11779,male,YouTube,Travel,Australia,Urban,Student,FALSE,FALSE,FALSE,7
61,10075,male,Facebook,Travel,United States,Rural,Student,FALSE,TRUE,TRUE,1
46,14326,female,Facebook,Travel,United Kingdom,Rural,Student,TRUE,FALSE,TRUE,3
30,15835,male,Facebook,Sports,United Kingdom,Sub_Urban,Marketer Manager,FALSE,TRUE,TRUE,8
29,15057,male,Facebook,Travel,United Kingdom,Urban,Marketer Manager,FALSE,TRUE,FALSE,3
48,12349,male,Facebook,Sports,United States,Sub_Urban,Marketer Manager,FALSE,TRUE,FALSE,8
63,12773,female,Facebook,Travel,United Kingdom,Urban,Student,TRUE,TRUE,TRUE,1
19,12262,male,Instagram,Lifestlye,United States,Rural,Marketer Manager,FALSE,FALSE,FALSE,5
52,13229,male,YouTube,Travel,Australia,Rural,Software Engineer,FALSE,FALSE,TRUE,4
40,10392,male,YouTube,Lifestlye,United Kingdom,Urban,Marketer Manager,TRUE,FALSE,TRUE,5
34,11108,male,Facebook,Travel,United Kingdom,Urban,Marketer Manager,FALSE,FALSE,TRUE,8
43,14362,male,YouTube,Travel,United Kingdom,Sub_Urban,Student,TRUE,TRUE,TRUE,4
25,15188,male,YouTube,Travel,Australia,Urban,Marketer Manager,FALSE,FALSE,TRUE,4
46,18802,female,YouTube,Lifestlye,United Kingdom,Urban,Software Engineer,FALSE,FALSE,FALSE,3
43,15057,male,Facebook,Lifestlye,United States,Urban,Student,FALSE,FALSE,FALSE,7
27,13998,male,Facebook,Travel,United States,Sub_Urban,Software Engineer,FALSE,TRUE,FALSE,3
43,18864,female,YouTube,Sports,United Kingdom,Urban,Student,FALSE,FALSE,FALSE,3
51,16566,male,YouTube,Travel,United Kingdom,Rural,Student,FALSE,FALSE,TRUE,5
58,13677,male,Facebook,Lifestlye,Australia,Sub_Urban,Marketer Manager,TRUE,TRUE,TRUE,5
24,15796,female,Instagram,Travel,Australia,Sub_Urban,Software Engineer,FALSE,TRUE,FALSE,6
21,16363,female,YouTube,Lifestlye,Australia,Rural,Student,FALSE,FALSE,FALSE,8
62,18123,female,Instagram,Lifestlye,United Kingdom,Rural,Marketer Manager,FALSE,FALSE,TRUE,6
28,18222,male,YouTube,Lifestlye,Australia,Rural,Student,TRUE,TRUE,TRUE,1
46,17690,male,Instagram,Travel,Australia,Urban,Student,TRUE,FALSE,TRUE,8
53,11400,female,Instagram,Lifestlye,United States,Rural,Student,TRUE,TRUE,FALSE,8
42,14071,female,Instagram,Lifestlye,Australia,Urban,Student,FALSE,FALSE,TRUE,9
38,18808,female,Facebook,Travel,United States,Sub_Urban,Student,FALSE,FALSE,TRUE,9
53,12786,male,Instagram,Lifestlye,United States,Sub_Urban,Student,TRUE,FALSE,FALSE,2
27,17169,male,Instagram,Travel,Australia,Rural,Marketer Manager,TRUE,FALSE,FALSE,2
54,10870,male,Instagram,Lifestlye,United States,Urban,Student,TRUE,FALSE,FALSE,3
26,14196,male,YouTube,Sports,United Kingdom,Rural,Software Engineer,FALSE,TRUE,TRUE,1
41,19604,female,Instagram,Sports,United Kingdom,Rural,Marketer Manager,TRUE,TRUE,TRUE,4
52,12739,male,YouTube,Lifestlye,Australia,Urban,Software Engineer,FALSE,FALSE,FALSE,4
52,10940,male,Instagram,Sports,United Kingdom,Rural,Student,FALSE,FALSE,TRUE,9
53,10340,male,Instagram,Travel,United States,Sub_Urban,Software Engineer,FALSE,FALSE,TRUE,9
35,17422,female,Facebook,Sports,United Kingdom,Rural,Student,TRUE,TRUE,TRUE,9
56,14133,male,YouTube,Lifestlye,Australia,Urban,Student,FALSE,TRUE,FALSE,7
49,10659,female,Instagram,Lifestlye,Australia,Urban,Marketer Manager,TRUE,TRUE,FALSE,2
41,19752,male,YouTube,Travel,United States,Sub_Urban,Marketer Manager,TRUE,TRUE,TRUE,5
40,13457,male,YouTube,Lifestlye,Australia,Urban,Student,TRUE,TRUE,TRUE,4
49,19848,female,Facebook,Travel,United Kingdom,Urban,Marketer Manager,TRUE,TRUE,TRUE,8
54,12975,male,Facebook,Sports,Australia,Sub_Urban,Software Engineer,FALSE,TRUE,TRUE,2
29,19241,male,Facebook,Sports,United States,Rural,Marketer Manager,FALSE,TRUE,FALSE,6
30,10453,male,Facebook,Travel,Australia,Sub_Urban,Marketer Manager,FALSE,FALSE,FALSE,5
40,19896,male,Facebook,Travel,United Kingdom,Rural,Software Engineer,FALSE,TRUE,TRUE,2
42,18184,female,Facebook,Lifestlye,United States,Sub_Urban,Marketer Manager,TRUE,TRUE,TRUE,1
52,15442,female,Facebook,Sports,United Kingdom,Rural,Student,TRUE,TRUE,FALSE,8
58,10818,male,Facebook,Travel,United States,Sub_Urban,Software Engineer,TRUE,TRUE,TRUE,2
47,14868,male,Instagram,Sports,Australia,Rural,Student,TRUE,FALSE,FALSE,7
34,10012,male,YouTube,Travel,United States,Sub_Urban,Software Engineer,FALSE,TRUE,TRUE,9
37,17727,male,Facebook,Sports,United States,Rural,Student,TRUE,FALSE,FALSE,9
42,10920,male,Facebook,Lifestlye,Australia,Sub_Urban,Student,FALSE,FALSE,TRUE,8
39,14920,female,YouTube,Sports,United Kingdom,Urban,Marketer Manager,TRUE,FALSE,TRUE,9
30,12418,male,Instagram,Sports,Australia,Rural,Student,TRUE,TRUE,FALSE,2
36,19506,male,YouTube,Sports,United States,Sub_Urban,Marketer Manager,TRUE,TRUE,FALSE,6
53,16475,male,YouTube,Sports,Australia,Rural,Software Engineer,TRUE,TRUE,TRUE,4
29,12017,female,Facebook,Sports,United States,Rural,Student,FALSE,FALSE,TRUE,4
58,17957,female,YouTube,Lifestlye,Australia,Sub_Urban,Student,FALSE,FALSE,FALSE,5
36,19420,female,YouTube,Travel,Australia,Rural,Software Engineer,FALSE,FALSE,FALSE,3
29,14792,female,Facebook,Sports,United Kingdom,Sub_Urban,Software Engineer,FALSE,FALSE,TRUE,1
26,16830,female,Facebook,Lifestlye,United States,Urban,Student,TRUE,TRUE,TRUE,8
24,12434,male,Facebook,Sports,United Kingdom,Rural,Software Engineer,TRUE,TRUE,FALSE,5
45,12868,male,Facebook,Sports,United States,Urban,Marketer Manager,FALSE,TRUE,FALSE,3
31,11438,male,YouTube,Travel,Australia,Rural,Software Engineer,FALSE,FALSE,FALSE,7
48,13543,male,YouTube,Sports,United States,Rural,Software Engineer,TRUE,FALSE,FALSE,7
36,11781,female,Instagram,Lifestlye,United Kingdom,Rural,Student,TRUE,TRUE,FALSE,1
64,16343,male,Instagram,Lifestlye,United Kingdom,Sub_Urban,Marketer Manager,FALSE,TRUE,TRUE,9
33,12263,male,YouTube,Travel,United Kingdom,Urban,Software Engineer,FALSE,FALSE,TRUE,2
22,10211,male,Instagram,Sports,United States,Rural,Marketer Manager,FALSE,TRUE,FALSE,5
52,18699,male,YouTube,Lifestlye,United Kingdom,Sub_Urban,Marketer Manager,TRUE,TRUE,TRUE,5
29,16159,male,Instagram,Sports,United Kingdom,Rural,Marketer Manager,FALSE,FALSE,TRUE,8
42,17027,male,Facebook,Sports,United Kingdom,Sub_Urban,Student,FALSE,FALSE,FALSE,8
38,10331,female,Instagram,Sports,Australia,Rural,Software Engineer,FALSE,FALSE,TRUE,7
53,16860,male,Facebook,Travel,Australia,Urban,Student,FALSE,TRUE,TRUE,7
40,18044,male,Facebook,Sports,United States,Urban,Software Engineer,FALSE,FALSE,TRUE,6
33,18169,male,Facebook,Lifestlye,United States,Rural,Software Engineer,TRUE,TRUE,FALSE,6
56,18742,male,Facebook,Sports,United Kingdom,Sub_Urban,Student,FALSE,TRUE,FALSE,9
62,15720,female,Instagram,Lifestlye,Australia,Rural,Marketer Manager,TRUE,FALSE,TRUE,6
59,19133,male,YouTube,Sports,United Kingdom,Sub_Urban,Marketer Manager,FALSE,TRUE,TRUE,2
56,10727,male,Facebook,Lifestlye,United Kingdom,Rural,Software Engineer,FALSE,FALSE,TRUE,2
31,14975,female,Instagram,Lifestlye,Australia,Sub_Urban,Student,FALSE,FALSE,TRUE,5
48,13243,male,Facebook,Sports,Australia,Urban,Marketer Manager,TRUE,TRUE,TRUE,4
22,10648,female,Instagram,Sports,Australia,Rural,Marketer Manager,TRUE,TRUE,TRUE,2
52,15095,male,Instagram,Lifestlye,United States,Urban,Software Engineer,TRUE,FALSE,FALSE,3
40,16614,female,Instagram,Travel,United States,Urban,Software Engineer,FALSE,FALSE,TRUE,7
46,17135,male,YouTube,Sports,United Kingdom,Rural,Student,FALSE,FALSE,TRUE,8
60,11009,male,Instagram,Travel,United States,Rural,Software Engineer,TRUE,FALSE,FALSE,6
28,11550,male,Instagram,Sports,Australia,Sub_Urban,Marketer Manager,TRUE,FALSE,TRUE,5
35,18995,male,YouTube,Sports,Australia,Sub_Urban,Marketer Manager,FALSE,FALSE,TRUE,1
64,17492,male,YouTube,Sports,United States,Urban,Marketer Manager,TRUE,TRUE,TRUE,8
29,13401,female,Instagram,Sports,United Kingdom,Sub_Urban,Marketer Manager,FALSE,TRUE,TRUE,3
26,17447,male,YouTube,Travel,United Kingdom,Sub_Urban,Student,TRUE,TRUE,FALSE,6
27,15424,male,Facebook,Sports,United States,Rural,Student,TRUE,TRUE,TRUE,3
61,14241,male,Facebook,Lifestlye,United Kingdom,Sub_Urban,Software Engineer,TRUE,FALSE,FALSE,7
34,13161,female,YouTube,Lifestlye,United Kingdom,Urban,Software Engineer,FALSE,TRUE,TRUE,7
55,14155,female,YouTube,Travel,United Kingdom,Sub_Urban,Software Engineer,FALSE,TRUE,TRUE,9
24,17478,male,Instagram,Sports,Australia,Urban,Student,TRUE,FALSE,FALSE,5
63,18719,female,YouTube,Lifestlye,Australia,Rural,Marketer Manager,FALSE,TRUE,TRUE,8
30,19215,male,Instagram,Travel,United States,Urban,Software Engineer,FALSE,FALSE,FALSE,8
57,16617,female,Facebook,Sports,Australia,Sub_Urban,Marketer Manager,FALSE,FALSE,FALSE,1
59,15660,male,YouTube,Lifestlye,United Kingdom,Rural,Software Engineer,FALSE,FALSE,FALSE,5
26,18624,male,Instagram,Lifestlye,Australia,Sub_Urban,Software Engineer,TRUE,FALSE,TRUE,3
44,11176,female,Instagram,Travel,United States,Rural,Software Engineer,FALSE,FALSE,TRUE,1
19,17956,male,Facebook,Sports,Australia,Rural,Software Engineer,FALSE,TRUE,TRUE,4
22,18592,female,YouTube,Sports,United Kingdom,Sub_Urban,Software Engineer,TRUE,TRUE,TRUE,8
46,12233,male,Facebook,Lifestlye,United Kingdom,Sub_Urban,Marketer Manager,FALSE,TRUE,FALSE,3
54,14700,male,Instagram,Lifestlye,United States,Rural,Software Engineer,FALSE,FALSE,TRUE,2
55,15906,female,Instagram,Lifestlye,Australia,Rural,Marketer Manager,FALSE,TRUE,TRUE,9
36,17860,male,YouTube,Sports,Australia,Sub_Urban,Student,TRUE,TRUE,FALSE,5
25,17526,male,Instagram,Travel,Australia,Urban,Software Engineer,TRUE,TRUE,FALSE,7
62,15559,male,YouTube,Travel,United Kingdom,Sub_Urban,Marketer Manager,FALSE,TRUE,TRUE,2
18,16732,male,Facebook,Sports,United States,Rural,Student,FALSE,FALSE,FALSE,9
39,12513,male,YouTube,Travel,Australia,Sub_Urban,Student,TRUE,TRUE,FALSE,9
34,17830,female,YouTube,Lifestlye,United Kingdom,Urban,Student,TRUE,FALSE,FALSE,4
24,19965,male,Instagram,Travel,United Kingdom,Sub_Urban,Marketer Manager,TRUE,FALSE,FALSE,4
42,16944,male,Instagram,Travel,United Kingdom,Rural,Software Engineer,FALSE,TRUE,FALSE,6
62,17910,male,YouTube,Travel,Australia,Sub_Urban,Software Engineer,FALSE,FALSE,TRUE,6
21,15649,female,Instagram,Lifestlye,Australia,Rural,Marketer Manager,TRUE,FALSE,TRUE,1
53,11096,male,Instagram,Sports,Australia,Rural,Software Engineer,FALSE,FALSE,TRUE,9
23,19120,female,Instagram,Lifestlye,Australia,Sub_Urban,Marketer Manager,FALSE,FALSE,TRUE,2
48,11951,female,YouTube,Sports,Australia,Rural,Software Engineer,FALSE,FALSE,TRUE,5
36,19746,female,Instagram,Sports,Australia,Rural,Student,FALSE,FALSE,TRUE,9
61,19186,male,YouTube,Sports,Australia,Urban,Software Engineer,FALSE,FALSE,TRUE,4
56,17799,male,Instagram,Travel,Australia,Urban,Marketer Manager,FALSE,TRUE,FALSE,3
44,18804,male,Facebook,Travel,Australia,Urban,Marketer Manager,FALSE,TRUE,TRUE,7
27,10595,female,Instagram,Sports,United Kingdom,Urban,Student,TRUE,FALSE,TRUE,6
43,17875,male,Instagram,Sports,Australia,Rural,Marketer Manager,TRUE,FALSE,TRUE,8
36,19033,male,YouTube,Travel,United States,Sub_Urban,Software Engineer,TRUE,TRUE,FALSE,3
56,14439,male,YouTube,Lifestlye,United Kingdom,Rural,Software Engineer,TRUE,TRUE,TRUE,5
20,15972,male,Instagram,Sports,Australia,Rural,Student,TRUE,TRUE,TRUE,4
62,10858,male,Facebook,Lifestlye,United States,Rural,Marketer Manager,TRUE,TRUE,FALSE,4
30,15519,female,Instagram,Travel,Australia,Sub_Urban,Student,TRUE,FALSE,TRUE,4
45,17385,male,Instagram,Sports,United States,Urban,Software Engineer,TRUE,FALSE,TRUE,8
37,18636,female,Facebook,Lifestlye,United States,Rural,Student,TRUE,TRUE,FALSE,6
45,19980,male,YouTube,Lifestlye,United States,Rural,Marketer Manager,FALSE,TRUE,TRUE,3
25,14317,male,Instagram,Lifestlye,United States,Urban,Student,FALSE,TRUE,FALSE,5
58,13454,male,YouTube,Travel,United Kingdom,Rural,Marketer Manager,TRUE,TRUE,TRUE,6
56,11030,male,YouTube,Travel,United Kingdom,Sub_Urban,Marketer Manager,FALSE,FALSE,TRUE,5
18,19487,male,Facebook,Lifestlye,United States,Rural,Software Engineer,FALSE,TRUE,TRUE,6
20,17906,male,Facebook,Lifestlye,Australia,Rural,Software Engineer,TRUE,TRUE,FALSE,8
30,11447,male,YouTube,Travel,United States,Urban,Software Engineer,TRUE,TRUE,FALSE,7
45,12850,male,Instagram,Lifestlye,United Kingdom,Rural,Marketer Manager,TRUE,FALSE,FALSE,5
42,18106,female,YouTube,Lifestlye,Australia,Rural,Student,FALSE,FALSE,TRUE,6
50,17151,female,Instagram,Travel,United Kingdom,Sub_Urban,Marketer Manager,FALSE,FALSE,TRUE,4
55,19503,male,Instagram,Lifestlye,United Kingdom,Urban,Software Engineer,TRUE,TRUE,FALSE,9
23,16952,male,Facebook,Lifestlye,Australia,Urban,Software Engineer,FALSE,TRUE,FALSE,4
61,14055,male,Instagram,Lifestlye,United States,Sub_Urban,Student,FALSE,TRUE,TRUE,1
62,15402,male,Instagram,Travel,United States,Rural,Software Engineer,FALSE,FALSE,TRUE,7
49,19281,male,YouTube,Lifestlye,United States,Urban,Software Engineer,TRUE,FALSE,TRUE,7
62,11672,male,Facebook,Travel,United States,Urban,Software Engineer,FALSE,TRUE,TRUE,4
64,14532,female,Instagram,Travel,Australia,Rural,Student,FALSE,TRUE,FALSE,3
38,14924,male,Instagram,Sports,Australia,Rural,Marketer Manager,FALSE,FALSE,TRUE,8
33,16085,female,Facebook,Sports,Australia,Urban,Software Engineer,FALSE,TRUE,TRUE,5
38,17734,male,YouTube,Lifestlye,United Kingdom,Rural,Student,FALSE,TRUE,TRUE,7
28,14864,male,Facebook,Travel,Australia,Urban,Software Engineer,FALSE,TRUE,TRUE,4
54,19316,female,Facebook,Sports,United States,Rural,Student,FALSE,FALSE,TRUE,4
53,11221,female,Instagram,Lifestlye,United Kingdom,Rural,Software Engineer,TRUE,TRUE,TRUE,8
52,12860,female,Instagram,Sports,United States,Sub_Urban,Student,TRUE,TRUE,TRUE,8
36,18428,male,YouTube,Sports,United States,Rural,Software Engineer,FALSE,TRUE,FALSE,2
37,19336,male,Instagram,Travel,Australia,Sub_Urban,Marketer Manager,TRUE,TRUE,FALSE,2
35,13253,male,Instagram,Travel,Australia,Rural,Software Engineer,FALSE,FALSE,FALSE,3
64,13782,male,Facebook,Sports,United States,Urban,Student,FALSE,FALSE,TRUE,3
58,16957,male,Instagram,Sports,United States,Urban,Software Engineer,FALSE,FALSE,FALSE,1
31,10766,female,YouTube,Travel,United Kingdom,Rural,Marketer Manager,TRUE,TRUE,TRUE,3
32,12681,male,Facebook,Lifestlye,Australia,Rural,Software Engineer,FALSE,FALSE,TRUE,6
48,17710,female,YouTube,Travel,United Kingdom,Urban,Student,FALSE,TRUE,TRUE,8
18,17482,male,Facebook,Sports,United Kingdom,Rural,Student,TRUE,FALSE,TRUE,6
20,15086,male,Instagram,Lifestlye,United Kingdom,Sub_Urban,Marketer Manager,TRUE,TRUE,FALSE,5
33,17964,female,Facebook,Sports,United States,Sub_Urban,Student,FALSE,FALSE,TRUE,4
40,12665,male,Facebook,Lifestlye,United Kingdom,Sub_Urban,Software Engineer,TRUE,FALSE,TRUE,3
28,19951,female,Instagram,Sports,United Kingdom,Sub_Urban,Software Engineer,TRUE,FALSE,FALSE,4
29,13513,male,Instagram,Lifestlye,United States,Sub_Urban,Software Engineer,FALSE,TRUE,FALSE,7
27,10495,male,YouTube,Lifestlye,Australia,Rural,Student,FALSE,TRUE,FALSE,1
49,15822,male,YouTube,Sports,Australia,Rural,Software Engineer,FALSE,TRUE,TRUE,7
33,12072,male,Instagram,Lifestlye,United Kingdom,Sub_Urban,Software Engineer,TRUE,FALSE,FALSE,1
25,17795,female,Instagram,Travel,United States,Rural,Software Engineer,TRUE,TRUE,TRUE,2
55,18529,male,Instagram,Sports,Australia,Rural,Marketer Manager,TRUE,TRUE,TRUE,4
29,13949,male,Facebook,Travel,United Kingdom,Sub_Urban,Student,FALSE,TRUE,FALSE,1
41,16033,male,Facebook,Sports,United Kingdom,Rural,Student,TRUE,TRUE,FALSE,9
45,18328,male,Facebook,Lifestlye,United States,Rural,Student,TRUE,TRUE,FALSE,6
25,12555,male,Instagram,Lifestlye,United Kingdom,Rural,Marketer Manager,FALSE,TRUE,TRUE,1
45,16370,male,YouTube,Lifestlye,Australia,Sub_Urban,Student,FALSE,FALSE,TRUE,1
53,14415,male,Instagram,Sports,United States,Rural,Marketer Manager,FALSE,FALSE,TRUE,6
43,15959,male,Facebook,Travel,Australia,Urban,Marketer Manager,TRUE,TRUE,TRUE,4
25,19107,male,Facebook,Travel,Australia,Urban,Student,FALSE,FALSE,TRUE,4
45,15993,male,Instagram,Sports,Australia,Sub_Urban,Software Engineer,TRUE,FALSE,TRUE,6
45,15021,female,Instagram,Sports,United Kingdom,Urban,Software Engineer,TRUE,TRUE,FALSE,7
54,12907,male,Facebook,Travel,United Kingdom,Sub_Urban,Student,FALSE,TRUE,TRUE,9
58,12914,male,Facebook,Travel,Australia,Urban,Student,FALSE,FALSE,FALSE,5
53,13870,female,Facebook,Travel,Australia,Urban,Marketer Manager,FALSE,TRUE,FALSE,9
44,19190,male,Instagram,Travel,United States,Urban,Student,FALSE,FALSE,FALSE,4
34,15085,male,Facebook,Sports,United States,Sub_Urban,Marketer Manager,FALSE,FALSE,FALSE,2
26,16546,male,Facebook,Sports,United Kingdom,Sub_Urban,Student,TRUE,FALSE,FALSE,3
50,10395,male,YouTube,Lifestlye,United Kingdom,Rural,Software Engineer,TRUE,TRUE,TRUE,1
37,10938,female,Instagram,Travel,United States,Sub_Urban,Software Engineer,TRUE,FALSE,TRUE,6
30,19828,male,YouTube,Lifestlye,Australia,Urban,Student,FALSE,TRUE,TRUE,6
45,12510,male,YouTube,Sports,United Kingdom,Urban,Marketer Manager,TRUE,TRUE,TRUE,1
46,14636,male,Facebook,Sports,Australia,Sub_Urban,Software Engineer,FALSE,TRUE,FALSE,3
30,11649,male,Instagram,Lifestlye,United States,Sub_Urban,Marketer Manager,FALSE,TRUE,FALSE,5
63,13690,female,Facebook,Travel,United Kingdom,Sub_Urban,Student,TRUE,TRUE,FALSE,3
52,13435,female,Instagram,Travel,United Kingdom,Rural,Student,TRUE,FALSE,TRUE,3
23,13201,male,YouTube,Travel,United States,Urban,Software Engineer,FALSE,TRUE,TRUE,3
35,14179,male,Instagram,Travel,United Kingdom,Rural,Student,TRUE,TRUE,TRUE,5
22,18405,female,Facebook,Lifestlye,United States,Rural,Software Engineer,FALSE,TRUE,TRUE,5
64,13237,male,Facebook,Lifestlye,United Kingdom,Urban,Marketer Manager,TRUE,TRUE,FALSE,4
42,13862,male,Facebook,Sports,United States,Urban,Software Engineer,TRUE,TRUE,FALSE,1
19,10058,female,Instagram,Travel,United Kingdom,Sub_Urban,Software Engineer,TRUE,FALSE,TRUE,5
27,14938,female,YouTube,Travel,Australia,Sub_Urban,Marketer Manager,TRUE,TRUE,TRUE,5
47,12971,female,YouTube,Travel,Australia,Rural,Software Engineer,TRUE,TRUE,FALSE,4
62,19719,male,Instagram,Lifestlye,Australia,Sub_Urban,Software Engineer,FALSE,FALSE,FALSE,6
22,18314,male,Facebook,Travel,United Kingdom,Sub_Urban,Student,TRUE,TRUE,FALSE,4
50,19628,male,YouTube,Lifestlye,United Kingdom,Urban,Marketer Manager,TRUE,FALSE,FALSE,7
18,19354,female,Facebook,Travel,Australia,Urban,Software Engineer,TRUE,FALSE,TRUE,7
35,13345,male,Instagram,Travel,Australia,Sub_Urban,Marketer Manager,FALSE,FALSE,FALSE,2
49,12486,female,Facebook,Sports,United States,Urban,Marketer Manager,FALSE,FALSE,FALSE,3
64,10561,male,YouTube,Travel,United States,Sub_Urban,Software Engineer,FALSE,TRUE,FALSE,1
28,13981,male,YouTube,Travel,United States,Urban,Student,FALSE,TRUE,FALSE,8
38,16261,male,Facebook,Sports,Australia,Urban,Marketer Manager,FALSE,FALSE,TRUE,9
43,11737,male,Instagram,Lifestlye,Australia,Urban,Software Engineer,TRUE,FALSE,TRUE,4
42,19096,male,Facebook,Lifestlye,Australia,Urban,Marketer Manager,TRUE,TRUE,TRUE,6
39,13554,female,Instagram,Travel,United States,Sub_Urban,Student,TRUE,FALSE,TRUE,9
44,19918,male,Facebook,Lifestlye,United Kingdom,Rural,Student,FALSE,FALSE,TRUE,6
30,19126,male,YouTube,Travel,Australia,Urban,Student,FALSE,FALSE,TRUE,9
50,17095,female,Instagram,Sports,United Kingdom,Sub_Urban,Software Engineer,TRUE,TRUE,FALSE,4
51,18266,male,Instagram,Sports,United Kingdom,Sub_Urban,Software Engineer,FALSE,FALSE,FALSE,8
58,10294,female,Instagram,Travel,United Kingdom,Urban,Student,FALSE,TRUE,FALSE,9
52,18212,male,YouTube,Sports,United States,Rural,Software Engineer,FALSE,TRUE,FALSE,4
18,19230,female,Facebook,Sports,United Kingdom,Urban,Student,TRUE,TRUE,TRUE,5
38,15330,male,YouTube,Travel,Australia,Sub_Urban,Software Engineer,TRUE,FALSE,FALSE,8
23,14655,female,Instagram,Travel,United States,Rural,Student,FALSE,FALSE,TRUE,6
45,11109,male,Facebook,Sports,Australia,Sub_Urban,Marketer Manager,FALSE,TRUE,FALSE,7
34,13771,male,YouTube,Lifestlye,Australia,Urban,Student,FALSE,TRUE,FALSE,3
22,18563,female,Instagram,Lifestlye,United States,Rural,Student,FALSE,TRUE,FALSE,7
48,16123,male,Instagram,Travel,Australia,Sub_Urban,Software Engineer,TRUE,FALSE,TRUE,8
22,17647,male,YouTube,Travel,Australia,Sub_Urban,Software Engineer,FALSE,FALSE,FALSE,6
55,11174,female,YouTube,Lifestlye,United States,Sub_Urban,Software Engineer,TRUE,TRUE,TRUE,9
20,11164,female,YouTube,Sports,Australia,Urban,Software Engineer,TRUE,TRUE,TRUE,6
40,19284,male,Instagram,Lifestlye,United Kingdom,Rural,Software Engineer,TRUE,FALSE,FALSE,9
54,19475,male,YouTube,Lifestlye,Australia,Urban,Software Engineer,FALSE,TRUE,TRUE,4
54,19037,female,Instagram,Lifestlye,United Kingdom,Urban,Marketer Manager,TRUE,FALSE,TRUE,8
27,18712,male,YouTube,Lifestlye,Australia,Urban,Student,TRUE,FALSE,FALSE,4
27,14466,female,Instagram,Travel,United States,Rural,Student,FALSE,TRUE,FALSE,2
36,15538,female,Instagram,Travel,United States,Urban,Student,FALSE,TRUE,FALSE,9
34,17111,male,Facebook,Sports,Australia,Urban,Marketer Manager,FALSE,FALSE,FALSE,5
38,18434,female,YouTube,Sports,United States,Urban,Student,TRUE,FALSE,FALSE,4
31,12800,female,YouTube,Sports,Australia,Urban,Marketer Manager,FALSE,FALSE,FALSE,2
26,14607,male,Instagram,Sports,United States,Sub_Urban,Marketer Manager,TRUE,FALSE,TRUE,1
63,17262,female,Instagram,Lifestlye,United Kingdom,Urban,Marketer Manager,TRUE,FALSE,FALSE,7
18,11541,female,Instagram,Travel,Australia,Sub_Urban,Student,FALSE,TRUE,FALSE,6
62,12765,female,Facebook,Travel,United Kingdom,Urban,Marketer Manager,TRUE,FALSE,TRUE,2
30,14491,male,Facebook,Sports,United Kingdom,Rural,Student,TRUE,FALSE,FALSE,8
21,13083,male,Instagram,Sports,Australia,Sub_Urban,Student,TRUE,FALSE,TRUE,4
18,15356,male,YouTube,Lifestlye,United Kingdom,Sub_Urban,Software Engineer,TRUE,TRUE,FALSE,8
57,11857,male,YouTube,Lifestlye,Australia,Sub_Urban,Software Engineer,FALSE,TRUE,FALSE,7
49,10769,male,Facebook,Sports,United Kingdom,Sub_Urban,Marketer Manager,TRUE,FALSE,TRUE,5
51,11422,male,Facebook,Travel,Australia,Rural,Marketer Manager,FALSE,FALSE,FALSE,8
45,18598,male,Instagram,Travel,Australia,Urban,Student,TRUE,TRUE,TRUE,9
48,12972,male,YouTube,Travel,United States,Sub_Urban,Marketer Manager,TRUE,TRUE,FALSE,5
25,11872,male,Instagram,Sports,Australia,Rural,Marketer Manager,FALSE,TRUE,FALSE,5
56,15599,female,Facebook,Travel,Australia,Sub_Urban,Student,TRUE,TRUE,TRUE,2
43,12269,male,YouTube,Lifestlye,United Kingdom,Urban,Marketer Manager,TRUE,FALSE,FALSE,5
51,15275,male,YouTube,Lifestlye,Australia,Sub_Urban,Marketer Manager,TRUE,TRUE,FALSE,3
20,14749,male,Facebook,Sports,United States,Rural,Student,TRUE,FALSE,TRUE,7
29,16571,male,Instagram,Lifestlye,United Kingdom,Urban,Student,TRUE,FALSE,FALSE,5
18,19373,female,Instagram,Sports,United Kingdom,Rural,Software Engineer,TRUE,TRUE,TRUE,8
61,15072,male,YouTube,Travel,United States,Urban,Student,FALSE,TRUE,FALSE,1
22,19631,female,Facebook,Travel,United Kingdom,Urban,Software Engineer,FALSE,TRUE,TRUE,3
47,15463,female,YouTube,Travel,United Kingdom,Urban,Marketer Manager,FALSE,TRUE,FALSE,3
47,17450,female,Facebook,Lifestlye,United Kingdom,Sub_Urban,Student,TRUE,FALSE,TRUE,9
34,18420,female,Instagram,Sports,United Kingdom,Rural,Student,TRUE,FALSE,TRUE,5
64,13959,male,Facebook,Travel,United States,Rural,Student,TRUE,FALSE,FALSE,9
40,11313,male,Instagram,Sports,United States,Rural,Marketer Manager,FALSE,TRUE,FALSE,9
32,17847,male,Facebook,Travel,United Kingdom,Urban,Software Engineer,TRUE,FALSE,TRUE,1
54,11070,male,YouTube,Lifestlye,United Kingdom,Sub_Urban,Marketer Manager,FALSE,TRUE,FALSE,2
38,19166,male,Instagram,Lifestlye,United States,Urban,Marketer Manager,TRUE,FALSE,TRUE,5
31,19930,male,YouTube,Sports,United States,Rural,Student,TRUE,TRUE,FALSE,4
19,13285,male,YouTube,Lifestlye,United States,Sub_Urban,Software Engineer,TRUE,FALSE,FALSE,9
28,18949,male,Instagram,Lifestlye,United Kingdom,Sub_Urban,Marketer Manager,FALSE,FALSE,TRUE,7
56,13095,male,Instagram,Sports,United Kingdom,Sub_Urban,Student,TRUE,TRUE,TRUE,6
55,10320,male,YouTube,Travel,Australia,Rural,Marketer Manager,FALSE,FALSE,FALSE,7
51,12321,male,YouTube,Lifestlye,United States,Sub_Urban,Marketer Manager,TRUE,FALSE,FALSE,1
55,10555,female,YouTube,Sports,United Kingdom,Sub_Urban,Student,TRUE,TRUE,FALSE,1
51,14939,male,YouTube,Lifestlye,United States,Urban,Student,FALSE,TRUE,FALSE,8
35,15432,female,Instagram,Lifestlye,United Kingdom,Urban,Software Engineer,TRUE,TRUE,FALSE,2
47,11386,female,Instagram,Lifestlye,United States,Sub_Urban,Marketer Manager,TRUE,TRUE,TRUE,9
32,14763,male,YouTube,Lifestlye,United Kingdom,Sub_Urban,Student,TRUE,TRUE,FALSE,7
44,16854,male,Facebook,Sports,Australia,Urban,Student,TRUE,FALSE,FALSE,6
51,17637,male,Facebook,Sports,Australia,Urban,Software Engineer,FALSE,TRUE,TRUE,1
55,14841,male,Instagram,Sports,United States,Urban,Software Engineer,FALSE,FALSE,TRUE,1
50,13867,female,YouTube,Lifestlye,United Kingdom,Rural,Student,TRUE,FALSE,TRUE,2
41,13793,male,YouTube,Lifestlye,United Kingdom,Rural,Software Engineer,TRUE,TRUE,FALSE,6
32,17373,male,Instagram,Lifestlye,United States,Urban,Student,FALSE,FALSE,TRUE,6
47,12513,male,Facebook,Sports,United Kingdom,Sub_Urban,Marketer Manager,TRUE,FALSE,TRUE,2
59,13803,male,Facebook,Lifestlye,United States,Urban,Software Engineer,FALSE,TRUE,TRUE,1
34,12327,male,Facebook,Travel,United Kingdom,Rural,Marketer Manager,TRUE,FALSE,TRUE,5
22,18809,female,Instagram,Lifestlye,United States,Sub_Urban,Marketer Manager,FALSE,TRUE,FALSE,5
46,12165,male,Facebook,Travel,United Kingdom,Rural,Marketer Manager,FALSE,TRUE,FALSE,2
21,13308,male,Instagram,Lifestlye,United States,Sub_Urban,Student,FALSE,TRUE,FALSE,6
27,16452,male,Instagram,Sports,United Kingdom,Rural,Marketer Manager,FALSE,FALSE,TRUE,9
34,18067,male,YouTube,Lifestlye,Australia,Sub_Urban,Marketer Manager,TRUE,FALSE,TRUE,2
27,17642,male,Facebook,Travel,United Kingdom,Sub_Urban,Marketer Manager,TRUE,FALSE,TRUE,2
34,16404,male,Instagram,Travel,United States,Sub_Urban,Student,FALSE,FALSE,TRUE,3
37,10992,female,Facebook,Lifestlye,Australia,Sub_Urban,Marketer Manager,FALSE,TRUE,TRUE,7
41,15424,female,Facebook,Travel,United Kingdom,Rural,Marketer Manager,FALSE,FALSE,TRUE,6
22,19569,male,YouTube,Travel,Australia,Rural,Software Engineer,FALSE,TRUE,FALSE,8
51,14381,female,Facebook,Sports,United Kingdom,Sub_Urban,Student,TRUE,FALSE,FALSE,8
23,13174,male,YouTube,Lifestlye,Australia,Sub_Urban,Marketer Manager,FALSE,FALSE,TRUE,6
19,14782,male,Instagram,Lifestlye,United States,Rural,Software Engineer,FALSE,FALSE,FALSE,3
30,19497,male,Facebook,Lifestlye,United Kingdom,Sub_Urban,Student,FALSE,FALSE,TRUE,3
60,15560,male,Instagram,Travel,United Kingdom,Sub_Urban,Student,FALSE,FALSE,TRUE,1
60,17460,female,Facebook,Lifestlye,United States,Sub_Urban,Student,FALSE,TRUE,FALSE,7
28,13078,male,Instagram,Lifestlye,Australia,Urban,Student,FALSE,FALSE,TRUE,5
64,12983,male,Facebook,Sports,United States,Sub_Urban,Student,FALSE,FALSE,FALSE,4
40,17259,female,Facebook,Sports,United States,Urban,Student,TRUE,FALSE,TRUE,4
33,16054,male,Facebook,Sports,Australia,Sub_Urban,Marketer Manager,FALSE,FALSE,TRUE,4
48,12523,male,Facebook,Travel,United States,Rural,Marketer Manager,FALSE,TRUE,FALSE,6
28,19677,male,Facebook,Lifestlye,United Kingdom,Urban,Marketer Manager,FALSE,FALSE,TRUE,8
33,14581,male,Facebook,Sports,United Kingdom,Urban,Marketer Manager,TRUE,TRUE,TRUE,8
25,15609,male,Facebook,Sports,United Kingdom,Sub_Urban,Software Engineer,TRUE,FALSE,TRUE,5
21,12001,male,Facebook,Sports,United States,Sub_Urban,Marketer Manager,TRUE,TRUE,FALSE,6
57,11387,female,Facebook,Lifestlye,United Kingdom,Urban,Student,FALSE,TRUE,TRUE,4
21,16552,female,Instagram,Lifestlye,United Kingdom,Rural,Marketer Manager,FALSE,TRUE,TRUE,9
42,11030,male,YouTube,Lifestlye,United Kingdom,Rural,Marketer Manager,FALSE,TRUE,TRUE,8
20,19957,male,Facebook,Travel,United Kingdom,Sub_Urban,Student,TRUE,TRUE,FALSE,1
49,11220,male,YouTube,Travel,United Kingdom,Rural,Marketer Manager,FALSE,FALSE,FALSE,2
20,16035,male,Facebook,Sports,United Kingdom,Rural,Marketer Manager,TRUE,TRUE,FALSE,9
44,19810,female,Facebook,Lifestlye,United States,Sub_Urban,Marketer Manager,TRUE,FALSE,FALSE,8
46,19455,male,Instagram,Sports,United Kingdom,Rural,Software Engineer,TRUE,TRUE,FALSE,3
49,16523,female,Instagram,Lifestlye,United Kingdom,Sub_Urban,Marketer Manager,TRUE,TRUE,TRUE,8
36,18074,male,YouTube,Lifestlye,Australia,Urban,Student,TRUE,FALSE,FALSE,1
38,19063,male,Instagram,Lifestlye,United States,Sub_Urban,Student,FALSE,TRUE,FALSE,4
22,10834,female,Instagram,Travel,United States,Urban,Marketer Manager,FALSE,TRUE,TRUE,3
35,19110,female,YouTube,Travel,United States,Urban,Marketer Manager,TRUE,TRUE,FALSE,6
45,11724,male,Instagram,Lifestlye,United States,Rural,Marketer Manager,FALSE,TRUE,TRUE,7
59,16598,male,Facebook,Sports,United Kingdom,Rural,Student,FALSE,FALSE,FALSE,4
39,12413,female,YouTube,Lifestlye,United Kingdom,Rural,Student,TRUE,TRUE,TRUE,7
38,19505,male,YouTube,Lifestlye,Australia,Sub_Urban,Software Engineer,TRUE,TRUE,TRUE,9
23,15993,female,Facebook,Sports,Australia,Rural,Software Engineer,FALSE,FALSE,FALSE,2
18,14498,male,Instagram,Lifestlye,United States,Urban,Software Engineer,FALSE,FALSE,FALSE,3
22,12105,male,YouTube,Sports,Australia,Rural,Student,FALSE,TRUE,TRUE,5
58,12568,female,YouTube,Travel,Australia,Rural,Software Engineer,FALSE,TRUE,TRUE,3
29,19330,female,Facebook,Travel,United States,Sub_Urban,Marketer Manager,TRUE,FALSE,TRUE,8
43,10209,male,Facebook,Sports,United States,Sub_Urban,Marketer Manager,FALSE,TRUE,TRUE,8
63,19256,male,Instagram,Travel,Australia,Urban,Student,TRUE,FALSE,TRUE,8
51,14911,female,YouTube,Travel,United Kingdom,Sub_Urban,Software Engineer,TRUE,TRUE,TRUE,9
31,12220,male,Instagram,Sports,Australia,Rural,Marketer Manager,FALSE,FALSE,TRUE,4
43,10233,male,Instagram,Travel,Australia,Sub_Urban,Student,FALSE,FALSE,FALSE,5
62,10792,male,Facebook,Lifestlye,United Kingdom,Urban,Software Engineer,FALSE,FALSE,TRUE,5
44,13110,male,YouTube,Lifestlye,United Kingdom,Rural,Marketer Manager,TRUE,TRUE,FALSE,8
26,12166,female,YouTube,Sports,United States,Urban,Software Engineer,TRUE,TRUE,FALSE,7
43,18526,female,YouTube,Travel,United States,Sub_Urban,Student,TRUE,TRUE,TRUE,9
64,19551,female,Facebook,Lifestlye,Australia,Sub_Urban,Software Engineer,TRUE,TRUE,TRUE,8
39,15193,female,Facebook,Lifestlye,United Kingdom,Urban,Student,FALSE,FALSE,FALSE,2
64,11214,male,Facebook,Travel,United States,Rural,Software Engineer,TRUE,FALSE,TRUE,4
47,14419,male,Facebook,Travel,Australia,Sub_Urban,Marketer Manager,TRUE,FALSE,TRUE,6
60,17314,female,Facebook,Lifestlye,United Kingdom,Sub_Urban,Student,FALSE,TRUE,FALSE,2
34,18475,male,YouTube,Lifestlye,Australia,Rural,Student,TRUE,TRUE,FALSE,7
43,10212,male,Instagram,Sports,United States,Sub_Urban,Student,TRUE,TRUE,FALSE,3
53,11658,male,YouTube,Sports,United States,Urban,Software Engineer,FALSE,FALSE,TRUE,3
18,15024,male,Instagram,Lifestlye,United Kingdom,Sub_Urban,Software Engineer,TRUE,TRUE,TRUE,2
25,19609,female,Facebook,Sports,Australia,Sub_Urban,Marketer Manager,TRUE,TRUE,FALSE,8
52,15917,male,Instagram,Lifestlye,United Kingdom,Rural,Student,TRUE,FALSE,TRUE,6
32,15141,male,YouTube,Lifestlye,United States,Urban,Student,TRUE,FALSE,FALSE,1
64,11794,female,YouTube,Sports,United States,Rural,Software Engineer,FALSE,TRUE,TRUE,1
39,15988,male,Instagram,Sports,Australia,Sub_Urban,Software Engineer,TRUE,FALSE,FALSE,7
31,18296,male,Facebook,Travel,Australia,Sub_Urban,Marketer Manager,FALSE,TRUE,TRUE,8
43,15578,male,Facebook,Travel,Australia,Rural,Marketer Manager,TRUE,FALSE,FALSE,5
45,15551,male,YouTube,Travel,United Kingdom,Rural,Software Engineer,FALSE,FALSE,TRUE,5
40,13845,female,Instagram,Lifestlye,Australia,Rural,Student,FALSE,FALSE,TRUE,4
31,16906,male,Facebook,Sports,Australia,Urban,Marketer Manager,FALSE,TRUE,FALSE,6
41,10378,female,Facebook,Lifestlye,United States,Sub_Urban,Software Engineer,TRUE,TRUE,TRUE,6
19,13293,female,YouTube,Sports,United States,Rural,Software Engineer,TRUE,TRUE,TRUE,3
62,13329,male,Facebook,Lifestlye,Australia,Sub_Urban,Student,TRUE,FALSE,FALSE,9
43,14808,female,Instagram,Travel,Australia,Urban,Software Engineer,FALSE,FALSE,TRUE,7
31,17937,female,YouTube,Travel,United States,Urban,Software Engineer,TRUE,FALSE,TRUE,1
24,10224,male,YouTube,Travel,Australia,Urban,Marketer Manager,TRUE,FALSE,TRUE,7
20,10737,female,Instagram,Lifestlye,United Kingdom,Urban,Software Engineer,TRUE,TRUE,FALSE,5
64,10235,male,YouTube,Sports,United Kingdom,Sub_Urban,Software Engineer,TRUE,TRUE,FALSE,5
40,10711,male,Facebook,Sports,United Kingdom,Urban,Marketer Manager,FALSE,TRUE,FALSE,2
63,15988,male,Facebook,Travel,Australia,Urban,Student,FALSE,FALSE,FALSE,4
60,11888,male,Instagram,Travel,United States,Rural,Student,TRUE,FALSE,FALSE,6
64,17173,female,Facebook,Travel,Australia,Urban,Marketer Manager,TRUE,TRUE,TRUE,7
62,11259,male,Instagram,Travel,Australia,Rural,Marketer Manager,TRUE,FALSE,TRUE,5
35,15246,male,Instagram,Sports,United States,Urban,Student,FALSE,TRUE,FALSE,9
55,17271,female,Facebook,Lifestlye,United States,Urban,Student,TRUE,FALSE,TRUE,3
52,10748,female,Instagram,Lifestlye,United States,Rural,Student,FALSE,FALSE,TRUE,1
32,13551,male,Facebook,Lifestlye,United Kingdom,Urban,Student,FALSE,TRUE,TRUE,4
42,16400,female,YouTube,Lifestlye,Australia,Sub_Urban,Student,TRUE,TRUE,TRUE,9
54,16643,female,YouTube,Travel,United States,Sub_Urban,Marketer Manager,TRUE,FALSE,FALSE,4
45,18701,male,Instagram,Travel,Australia,Urban,Software Engineer,TRUE,TRUE,FALSE,2
27,11823,female,Facebook,Travel,United Kingdom,Sub_Urban,Student,FALSE,TRUE,TRUE,5
56,16852,female,Facebook,Lifestlye,United Kingdom,Rural,Student,FALSE,FALSE,TRUE,3
34,17777,female,YouTube,Travel,United States,Urban,Software Engineer,TRUE,FALSE,FALSE,9
56,14232,female,YouTube,Travel,United States,Urban,Software Engineer,FALSE,FALSE,TRUE,4
39,16519,male,Facebook,Sports,Australia,Rural,Software Engineer,TRUE,TRUE,TRUE,6
43,11777,female,Instagram,Sports,United States,Rural,Software Engineer,TRUE,FALSE,TRUE,2
61,11222,female,YouTube,Travel,Australia,Rural,Software Engineer,FALSE,FALSE,FALSE,6
42,17630,male,Instagram,Sports,United States,Urban,Software Engineer,FALSE,FALSE,FALSE,3
34,11777,male,Instagram,Sports,Australia,Rural,Marketer Manager,FALSE,FALSE,TRUE,9
30,19496,male,YouTube,Travel,Australia,Rural,Software Engineer,FALSE,FALSE,TRUE,2
37,17490,male,Instagram,Travel,Australia,Sub_Urban,Software Engineer,TRUE,TRUE,TRUE,9
42,14859,male,Instagram,Travel,Australia,Sub_Urban,Marketer Manager,TRUE,FALSE,TRUE,5
21,18893,male,Facebook,Travel,United Kingdom,Urban,Software Engineer,TRUE,FALSE,TRUE,8
27,18118,female,Instagram,Lifestlye,Australia,Sub_Urban,Student,FALSE,TRUE,TRUE,2
20,12989,male,Facebook,Lifestlye,United States,Sub_Urban,Student,TRUE,FALSE,FALSE,6
58,18343,female,YouTube,Travel,United Kingdom,Rural,Software Engineer,FALSE,FALSE,FALSE,3
62,11325,male,YouTube,Sports,United Kingdom,Rural,Marketer Manager,FALSE,TRUE,TRUE,5
35,19493,male,Facebook,Travel,Australia,Sub_Urban,Student,FALSE,FALSE,FALSE,8
64,19903,male,YouTube,Travel,United Kingdom,Sub_Urban,Marketer Manager,TRUE,TRUE,TRUE,1
53,15127,male,Instagram,Sports,Australia,Sub_Urban,Student,FALSE,FALSE,TRUE,5
64,18998,female,Instagram,Lifestlye,United States,Urban,Software Engineer,FALSE,TRUE,FALSE,3
39,12722,female,Instagram,Travel,Australia,Urban,Marketer Manager,FALSE,TRUE,FALSE,4
51,14656,female,YouTube,Travel,United Kingdom,Urban,Marketer Manager,FALSE,FALSE,TRUE,2
64,11325,female,Instagram,Lifestlye,United States,Sub_Urban,Marketer Manager,FALSE,TRUE,TRUE,9
25,14133,male,YouTube,Lifestlye,Australia,Sub_Urban,Student,FALSE,TRUE,FALSE,3
57,19351,male,Instagram,Sports,United States,Urban,Student,FALSE,FALSE,FALSE,2
61,12869,male,Facebook,Lifestlye,United States,Urban,Student,FALSE,FALSE,TRUE,9
36,11242,male,YouTube,Lifestlye,United Kingdom,Sub_Urban,Software Engineer,FALSE,TRUE,TRUE,7
59,18539,male,YouTube,Lifestlye,United States,Rural,Student,FALSE,FALSE,TRUE,6
58,11831,female,Instagram,Sports,United Kingdom,Urban,Software Engineer,FALSE,TRUE,FALSE,1
54,11569,female,YouTube,Lifestlye,United States,Sub_Urban,Marketer Manager,FALSE,TRUE,TRUE,5
23,17246,female,YouTube,Lifestlye,Australia,Sub_Urban,Marketer Manager,TRUE,FALSE,FALSE,3
43,11918,female,Facebook,Sports,United States,Rural,Software Engineer,TRUE,FALSE,TRUE,1
51,16416,male,Facebook,Lifestlye,Australia,Sub_Urban,Student,FALSE,TRUE,FALSE,4
62,13232,male,Instagram,Lifestlye,Australia,Sub_Urban,Software Engineer,FALSE,FALSE,FALSE,2
23,13758,male,Facebook,Sports,United States,Urban,Marketer Manager,FALSE,FALSE,FALSE,2
54,15997,male,Instagram,Travel,Australia,Urban,Marketer Manager,TRUE,TRUE,FALSE,3
50,12355,female,Instagram,Sports,United States,Rural,Software Engineer,TRUE,TRUE,TRUE,8
39,19589,female,Instagram,Lifestlye,United States,Rural,Student,TRUE,TRUE,FALSE,8
38,11824,male,YouTube,Lifestlye,Australia,Sub_Urban,Student,FALSE,TRUE,FALSE,7
23,17280,female,Facebook,Lifestlye,Australia,Urban,Software Engineer,FALSE,TRUE,FALSE,6
23,14060,female,Instagram,Sports,United Kingdom,Rural,Software Engineer,FALSE,TRUE,TRUE,9
21,15324,male,Facebook,Lifestlye,Australia,Rural,Student,FALSE,FALSE,TRUE,4
47,10404,male,Instagram,Lifestlye,United Kingdom,Rural,Marketer Manager,TRUE,TRUE,TRUE,1
28,11721,male,Facebook,Sports,Australia,Sub_Urban,Software Engineer,FALSE,FALSE,TRUE,8
47,15316,male,Facebook,Travel,United States,Urban,Student,TRUE,FALSE,TRUE,7
48,13845,male,Instagram,Travel,Australia,Rural,Student,TRUE,TRUE,TRUE,7
41,14210,female,YouTube,Lifestlye,United States,Urban,Marketer Manager,FALSE,FALSE,FALSE,3
26,10064,male,Facebook,Sports,United States,Rural,Marketer Manager,TRUE,TRUE,FALSE,4
20,19491,male,YouTube,Lifestlye,United States,Rural,Marketer Manager,TRUE,FALSE,FALSE,9
48,16382,female,YouTube,Sports,United Kingdom,Urban,Marketer Manager,TRUE,TRUE,TRUE,6
57,19607,male,Instagram,Sports,Australia,Urban,Marketer Manager,TRUE,TRUE,FALSE,5
54,10968,male,Instagram,Travel,United States,Urban,Software Engineer,FALSE,TRUE,FALSE,3
53,10368,male,Instagram,Travel,United States,Sub_Urban,Student,FALSE,TRUE,TRUE,9
41,18424,male,Facebook,Sports,United Kingdom,Rural,Software Engineer,TRUE,FALSE,FALSE,5
48,12242,male,Instagram,Lifestlye,Australia,Sub_Urban,Software Engineer,FALSE,FALSE,TRUE,5
23,15002,male,Instagram,Travel,Australia,Urban,Software Engineer,TRUE,FALSE,FALSE,4
19,13083,female,Facebook,Lifestlye,United Kingdom,Rural,Software Engineer,FALSE,FALSE,TRUE,4
37,18073,female,Facebook,Travel,United Kingdom,Sub_Urban,Software Engineer,FALSE,FALSE,TRUE,1
45,19112,female,Instagram,Travel,Australia,Rural,Marketer Manager,FALSE,TRUE,TRUE,7
28,18880,male,Instagram,Lifestlye,United Kingdom,Sub_Urban,Marketer Manager,FALSE,TRUE,FALSE,9
21,11469,female,Instagram,Travel,Australia,Urban,Student,FALSE,TRUE,FALSE,3
32,14725,male,Instagram,Travel,Australia,Sub_Urban,Software Engineer,TRUE,TRUE,TRUE,2
23,14259,male,YouTube,Lifestlye,United States,Rural,Student,FALSE,TRUE,TRUE,3
47,13622,male,YouTube,Travel,United States,Rural,Marketer Manager,TRUE,FALSE,FALSE,1
55,10823,male,Instagram,Travel,Australia,Rural,Marketer Manager,TRUE,TRUE,FALSE,6
19,13431,female,YouTube,Travel,Australia,Rural,Marketer Manager,FALSE,TRUE,TRUE,7
32,16528,male,Facebook,Lifestlye,Australia,Urban,Software Engineer,TRUE,FALSE,FALSE,2
28,14151,male,YouTube,Sports,Australia,Sub_Urban,Software Engineer,FALSE,FALSE,FALSE,8
25,14213,male,YouTube,Lifestlye,Australia,Urban,Marketer Manager,TRUE,TRUE,FALSE,6
43,17420,male,Instagram,Sports,Australia,Urban,Student,TRUE,TRUE,TRUE,4
62,18989,female,YouTube,Travel,United Kingdom,Urban,Student,FALSE,FALSE,TRUE,5
61,10779,male,YouTube,Sports,Australia,Rural,Marketer Manager,FALSE,TRUE,FALSE,8
22,12892,male,YouTube,Lifestlye,United Kingdom,Rural,Student,FALSE,TRUE,TRUE,3
23,15534,male,YouTube,Lifestlye,United Kingdom,Rural,Marketer Manager,FALSE,TRUE,FALSE,3
43,13306,male,Facebook,Travel,Australia,Sub_Urban,Student,TRUE,FALSE,FALSE,4
21,12902,male,Instagram,Sports,Australia,Rural,Marketer Manager,FALSE,TRUE,TRUE,1
36,13718,female,Instagram,Travel,United Kingdom,Sub_Urban,Student,TRUE,TRUE,TRUE,9
37,10021,male,Facebook,Travel,United Kingdom,Rural,Software Engineer,TRUE,FALSE,TRUE,8
50,11500,male,YouTube,Lifestlye,Australia,Rural,Marketer Manager,TRUE,FALSE,FALSE,8
37,19034,female,Facebook,Sports,Australia,Urban,Marketer Manager,TRUE,FALSE,FALSE,6
29,19952,male,YouTube,Sports,United Kingdom,Urban,Student,TRUE,TRUE,TRUE,7
64,13641,male,Facebook,Sports,United Kingdom,Urban,Marketer Manager,TRUE,FALSE,TRUE,6
18,15212,female,Instagram,Sports,United Kingdom,Sub_Urban,Marketer Manager,FALSE,TRUE,TRUE,9
43,10191,female,Instagram,Travel,United States,Sub_Urban,Marketer Manager,TRUE,FALSE,FALSE,3
31,18587,male,Instagram,Travel,United Kingdom,Rural,Software Engineer,TRUE,TRUE,FALSE,3
55,17174,male,YouTube,Lifestlye,United States,Sub_Urban,Software Engineer,TRUE,FALSE,FALSE,3
54,15114,male,YouTube,Travel,Australia,Rural,Student,FALSE,TRUE,TRUE,3
28,14662,female,Facebook,Travel,Australia,Sub_Urban,Software Engineer,FALSE,TRUE,TRUE,9
53,14326,male,Facebook,Lifestlye,United Kingdom,Sub_Urban,Student,TRUE,FALSE,FALSE,4
30,19065,female,Instagram,Lifestlye,Australia,Sub_Urban,Software Engineer,FALSE,FALSE,TRUE,7
60,14335,female,YouTube,Lifestlye,Australia,Urban,Student,TRUE,TRUE,TRUE,9
20,18281,male,Facebook,Travel,Australia,Sub_Urban,Software Engineer,FALSE,FALSE,TRUE,7
50,18648,female,YouTube,Travel,Australia,Urban,Software Engineer,TRUE,TRUE,TRUE,9
23,19196,female,YouTube,Lifestlye,United States,Urban,Student,FALSE,FALSE,FALSE,3
27,15494,male,Instagram,Lifestlye,United States,Sub_Urban,Marketer Manager,FALSE,FALSE,TRUE,4
22,18536,female,Instagram,Lifestlye,United Kingdom,Rural,Marketer Manager,FALSE,TRUE,FALSE,8
40,12711,male,YouTube,Travel,United Kingdom,Rural,Software Engineer,TRUE,FALSE,FALSE,6
27,17595,male,YouTube,Travel,United Kingdom,Rural,Student,TRUE,FALSE,TRUE,5
61,16273,female,YouTube,Sports,Australia,Sub_Urban,Marketer Manager,TRUE,TRUE,FALSE,4
19,16284,female,YouTube,Travel,Australia,Rural,Student,FALSE,TRUE,FALSE,8
